event,remark,protocols,event_type,count_rows
ABORT,101 DAYS,BLANK_UNKNOWN,repro,3
ABORT,105 DAYS,BLANK_UNKNOWN,repro,1
ABORT,129 DAYS,BLANK_UNKNOWN,repro,4
ABORT,131 DAYS,BLANK_UNKNOWN,repro,2
ABORT,139 DAYS,BLANK_UNKNOWN,repro,1
ABORT,143 DAYS,BLANK_UNKNOWN,repro,2
ABORT,155 DAYS,BLANK_UNKNOWN,repro,1
ABORT,156 DAYS,BLANK_UNKNOWN,repro,3
ABORT,165 DAYS,BLANK_UNKNOWN,repro,1
ABORT,167 DAYS,BLANK_UNKNOWN,repro,1
ABORT,177 DAYS,BLANK_UNKNOWN,repro,2
ABORT,179 DAYS,BLANK_UNKNOWN,repro,1
ABORT,180 DAYS,BLANK_UNKNOWN,repro,1
ABORT,184 DAYS,BLANK_UNKNOWN,repro,1
ABORT,193 DAYS,BLANK_UNKNOWN,repro,3
ABORT,196 DAYS,BLANK_UNKNOWN,repro,1
ABORT,2.22.26,BLANK_UNKNOWN,repro,1
ABORT,201 DAYS,BLANK_UNKNOWN,repro,1
ABORT,203 DAYS,BLANK_UNKNOWN,repro,2
ABORT,206 DAYS,BLANK_UNKNOWN,repro,3
ABORT,207 DAYS,BLANK_UNKNOWN,repro,1
ABORT,209 DAYS,BLANK_UNKNOWN,repro,4
ABORT,210 DAYS,BLANK_UNKNOWN,repro,5
ABORT,213 DAYS,BLANK_UNKNOWN,repro,4
ABORT,215 DAYS,BLANK_UNKNOWN,repro,1
ABORT,216 DAYS,BLANK_UNKNOWN,repro,1
ABORT,217 DAYS,BLANK_UNKNOWN,repro,5
ABORT,219 DAYS,BLANK_UNKNOWN,repro,1
ABORT,220 DAYS,BLANK_UNKNOWN,repro,1
ABORT,221 DAYS,BLANK_UNKNOWN,repro,1
ABORT,222 DAYS,BLANK_UNKNOWN,repro,2
ABORT,223 DAYS,BLANK_UNKNOWN,repro,2
ABORT,226 DAYS,BLANK_UNKNOWN,repro,2
ABORT,230 DAYS,BLANK_UNKNOWN,repro,2
ABORT,257 DAYS,BLANK_UNKNOWN,repro,1
ABORT,259 DAYS,BLANK_UNKNOWN,repro,1
ABORT,36 DAYS,BLANK_UNKNOWN,repro,2
ABORT,40 DAYS,BLANK_UNKNOWN,repro,1
ABORT,42 DAYS,BLANK_UNKNOWN,repro,1
ABORT,45 DAYS,BLANK_UNKNOWN,repro,2
ABORT,46 DAYS,BLANK_UNKNOWN,repro,2
ABORT,47 DAYS,BLANK_UNKNOWN,repro,2
ABORT,48 DAYS,BLANK_UNKNOWN,repro,2
ABORT,49 DAYS,BLANK_UNKNOWN,repro,3
ABORT,52 DAYS,BLANK_UNKNOWN,repro,2
ABORT,53 DAYS,BLANK_UNKNOWN,repro,3
ABORT,55 DAYS,BLANK_UNKNOWN,repro,1
ABORT,59 DAYS,BLANK_UNKNOWN,repro,2
ABORT,60 DAYS,BLANK_UNKNOWN,repro,2
ABORT,62 DAYS,BLANK_UNKNOWN,repro,2
ABORT,63 DAYS,BLANK_UNKNOWN,repro,3
ABORT,64 DAYS,BLANK_UNKNOWN,repro,2
ABORT,66 DAYS,BLANK_UNKNOWN,repro,4
ABORT,67 DAYS,BLANK_UNKNOWN,repro,4
ABORT,68 DAYS,BLANK_UNKNOWN,repro,2
ABORT,69 DAYS,BLANK_UNKNOWN,repro,2
ABORT,70 DAYS,BLANK_UNKNOWN,repro,3
ABORT,73 DAYS,BLANK_UNKNOWN,repro,10
ABORT,74 DAYS,BLANK_UNKNOWN,repro,10
ABORT,76 DAYS,BLANK_UNKNOWN,repro,7
ABORT,77 DAYS,BLANK_UNKNOWN,repro,16
ABORT,78 DAYS,BLANK_UNKNOWN,repro,4
ABORT,80 DAYS,BLANK_UNKNOWN,repro,4
ABORT,87 DAYS,BLANK_UNKNOWN,repro,2
ABORT,89 DAYS,BLANK_UNKNOWN,repro,1
ABORT,91 DAYS,BLANK_UNKNOWN,repro,2
ABORT,92 DAYS,BLANK_UNKNOWN,repro,2
ABORT,93 DAYS,BLANK_UNKNOWN,repro,3
ABORT,96 DAYS,BLANK_UNKNOWN,repro,1
ABORT,9R RESER,BLANK_UNKNOWN,repro,1
ABORT,BLANK_UNKNOWN,BLANK_UNKNOWN,repro,1
ABORT,CIDRIN,BLANK_UNKNOWN,repro,14
ABORT,EXM,BLANK_UNKNOWN,repro,1
ABORT,LUT2,BLANK_UNKNOWN,repro,14
ABORT,MUMMY,BLANK_UNKNOWN,repro,1
ABORT,R,BLANK_UNKNOWN,repro,2
ABORT,V,BLANK_UNKNOWN,repro,1
BORN,BLANK_UNKNOWN,BLANK_UNKNOWN,phase_parameter,1123
BRED,1,BLANK_UNKNOWN,repro,1
BRED,14AN639,BLANK_UNKNOWN,repro,2
BRED,14H14629,BLANK_UNKNOWN,repro,52
BRED,14H15367,BLANK_UNKNOWN,repro,18
BRED,14H15582,BLANK_UNKNOWN,repro,13
BRED,14H15971,BLANK_UNKNOWN,repro,16
BRED,14J1810,BLANK_UNKNOWN,repro,6
BRED,1H15418,BLANK_UNKNOWN,repro,1
BRED,1H15447,BLANK_UNKNOWN,repro,2
BRED,250H15958,BLANK_UNKNOWN,repro,74
BRED,250H17022,BLANK_UNKNOWN,repro,2
BRED,29XXB0234,BLANK_UNKNOWN,repro,2
BRED,501H15272,BLANK_UNKNOWN,repro,2
BRED,501H15274,BLANK_UNKNOWN,repro,3
BRED,507H14160,BLANK_UNKNOWN,repro,2
BRED,507H14229,BLANK_UNKNOWN,repro,1
BRED,507H14438,BLANK_UNKNOWN,repro,30
BRED,507H15418,BLANK_UNKNOWN,repro,1
BRED,507H15563,BLANK_UNKNOWN,repro,132
BRED,507H15565,BLANK_UNKNOWN,repro,4
BRED,507H15583,BLANK_UNKNOWN,repro,2
BRED,507H15793,BLANK_UNKNOWN,repro,7
BRED,507H15824,BLANK_UNKNOWN,repro,1
BRED,507H15839,BLANK_UNKNOWN,repro,2
BRED,507H15915,BLANK_UNKNOWN,repro,88
BRED,507H15945,BLANK_UNKNOWN,repro,49
BRED,507H15958,BLANK_UNKNOWN,repro,4
BRED,507H15971,BLANK_UNKNOWN,repro,8
BRED,507H16095,BLANK_UNKNOWN,repro,23
BRED,507H16114,BLANK_UNKNOWN,repro,138
BRED,507H16176,BLANK_UNKNOWN,repro,15
BRED,507H16262,BLANK_UNKNOWN,repro,26
BRED,507H16263,BLANK_UNKNOWN,repro,58
BRED,507H16716,BLANK_UNKNOWN,repro,11
BRED,507H16743,BLANK_UNKNOWN,repro,15
BRED,507H1676,BLANK_UNKNOWN,repro,15
BRED,507H16966,BLANK_UNKNOWN,repro,29
BRED,507H17069,BLANK_UNKNOWN,repro,17
BRED,507H17238,BLANK_UNKNOWN,repro,38
BRED,507H17411,BLANK_UNKNOWN,repro,40
BRED,507H17413,BLANK_UNKNOWN,repro,15
BRED,507H17521,BLANK_UNKNOWN,repro,48
BRED,507H17675,BLANK_UNKNOWN,repro,40
BRED,507H17735,BLANK_UNKNOWN,repro,19
BRED,507H17917,BLANK_UNKNOWN,repro,34
BRED,507H18004,BLANK_UNKNOWN,repro,16
BRED,507H18024,BLANK_UNKNOWN,repro,16
BRED,507H51793,BLANK_UNKNOWN,repro,1
BRED,507H6114,BLANK_UNKNOWN,repro,2
BRED,507J1816,BLANK_UNKNOWN,repro,9
BRED,507J1930,BLANK_UNKNOWN,repro,9
BRED,507J200,BLANK_UNKNOWN,repro,4
BRED,507J2000,BLANK_UNKNOWN,repro,107
BRED,507J2022,BLANK_UNKNOWN,repro,5
BRED,507J2023,BLANK_UNKNOWN,repro,30
BRED,514H15582,BLANK_UNKNOWN,repro,5
BRED,550H15235,BLANK_UNKNOWN,repro,2
BRED,550H15958,BLANK_UNKNOWN,repro,142
BRED,550H15985,BLANK_UNKNOWN,repro,2
BRED,550H16304,BLANK_UNKNOWN,repro,61
BRED,550H17022,BLANK_UNKNOWN,repro,37
BRED,550H17387,BLANK_UNKNOWN,repro,30
BRED,6,BLANK_UNKNOWN,repro,2
BRED,614H13267,BLANK_UNKNOWN,repro,2
BRED,614H15367,BLANK_UNKNOWN,repro,196
BRED,614H15557,BLANK_UNKNOWN,repro,1
BRED,614H15582,BLANK_UNKNOWN,repro,56
BRED,614H15779,BLANK_UNKNOWN,repro,22
BRED,614H15903,BLANK_UNKNOWN,repro,27
BRED,614H15971,BLANK_UNKNOWN,repro,55
BRED,614H16095,BLANK_UNKNOWN,repro,2
BRED,614H16755,BLANK_UNKNOWN,repro,39
BRED,614H17133,BLANK_UNKNOWN,repro,24
BRED,614H17533,BLANK_UNKNOWN,repro,32
BRED,614J1680,BLANK_UNKNOWN,repro,2
BRED,614J1921,BLANK_UNKNOWN,repro,7
BRED,614J1929,BLANK_UNKNOWN,repro,4
BRED,614J2002,BLANK_UNKNOWN,repro,25
BRED,614J2151,BLANK_UNKNOWN,repro,10
BRED,614J2227,BLANK_UNKNOWN,repro,10
BRED,614J2337,BLANK_UNKNOWN,repro,11
BRED,625H20908,BLANK_UNKNOWN,repro,2
BRED,62921008,BLANK_UNKNOWN,repro,2
BRED,629H17459,BLANK_UNKNOWN,repro,4
BRED,629H19622,BLANK_UNKNOWN,repro,1
BRED,629H19773,BLANK_UNKNOWN,repro,116
BRED,629H19813,BLANK_UNKNOWN,repro,2
BRED,629H19973,BLANK_UNKNOWN,repro,2
BRED,629H20291,BLANK_UNKNOWN,repro,206
BRED,629H20301,BLANK_UNKNOWN,repro,2
BRED,629H20538,BLANK_UNKNOWN,repro,2
BRED,629H20609,BLANK_UNKNOWN,repro,4
BRED,629H20668,BLANK_UNKNOWN,repro,14
BRED,629H20775,BLANK_UNKNOWN,repro,20
BRED,629H20816,BLANK_UNKNOWN,repro,38
BRED,629H20823,BLANK_UNKNOWN,repro,92
BRED,629H20842,BLANK_UNKNOWN,repro,2
BRED,629H20908,BLANK_UNKNOWN,repro,68
BRED,629H20921,BLANK_UNKNOWN,repro,4
BRED,629H20926,BLANK_UNKNOWN,repro,6
BRED,629H21008,BLANK_UNKNOWN,repro,130
BRED,629H21067,BLANK_UNKNOWN,repro,58
BRED,629H21108,BLANK_UNKNOWN,repro,4
BRED,629H21142,BLANK_UNKNOWN,repro,4
BRED,629H21171,BLANK_UNKNOWN,repro,74
BRED,629H21301,BLANK_UNKNOWN,repro,36
BRED,629H21445,BLANK_UNKNOWN,repro,106
BRED,629H21455,BLANK_UNKNOWN,repro,82
BRED,629H21461,BLANK_UNKNOWN,repro,2
BRED,629H21530,BLANK_UNKNOWN,repro,20
BRED,629H21531,BLANK_UNKNOWN,repro,22
BRED,629H21541,BLANK_UNKNOWN,repro,46
BRED,629H21559,BLANK_UNKNOWN,repro,40
BRED,629H21589,BLANK_UNKNOWN,repro,38
BRED,629H21595,BLANK_UNKNOWN,repro,36
BRED,629H21658,BLANK_UNKNOWN,repro,62
BRED,629H21740,BLANK_UNKNOWN,repro,20
BRED,629H21892,BLANK_UNKNOWN,repro,30
BRED,629H291,BLANK_UNKNOWN,repro,2
BRED,629J4279,BLANK_UNKNOWN,repro,2
BRED,629J4421,BLANK_UNKNOWN,repro,2
BRED,629J4432,BLANK_UNKNOWN,repro,68
BRED,629J4460,BLANK_UNKNOWN,repro,14
BRED,629J4472,BLANK_UNKNOWN,repro,14
BRED,689A2,BLANK_UNKNOWN,repro,24
BRED,689AN2,BLANK_UNKNOWN,repro,5
BRED,714A639,BLANK_UNKNOWN,repro,40
BRED,714A693,BLANK_UNKNOWN,repro,1
BRED,714A694,BLANK_UNKNOWN,repro,91
BRED,714A777,BLANK_UNKNOWN,repro,56
BRED,714A799,BLANK_UNKNOWN,repro,3
BRED,714AN526,BLANK_UNKNOWN,repro,20
BRED,714AN639,BLANK_UNKNOWN,repro,16
BRED,714AN693,BLANK_UNKNOWN,repro,283
BRED,714AN696,BLANK_UNKNOWN,repro,13
BRED,714AN711,BLANK_UNKNOWN,repro,39
BRED,714AN774,BLANK_UNKNOWN,repro,153
BRED,714AN777,BLANK_UNKNOWN,repro,27
BRED,714AN7777,BLANK_UNKNOWN,repro,4
BRED,714AN793,BLANK_UNKNOWN,repro,2
BRED,7A526,BLANK_UNKNOWN,repro,20
BRED,7A693,BLANK_UNKNOWN,repro,127
BRED,7A777,BLANK_UNKNOWN,repro,2
BRED,7A999,BLANK_UNKNOWN,repro,27
BRED,7A9999,BLANK_UNKNOWN,repro,81
BRED,7AN516,BLANK_UNKNOWN,repro,2
BRED,7AN526,BLANK_UNKNOWN,repro,35
BRED,7AN625,BLANK_UNKNOWN,repro,90
BRED,7AN639,BLANK_UNKNOWN,repro,2
BRED,7H15132,BLANK_UNKNOWN,repro,38
BRED,7H15447,BLANK_UNKNOWN,repro,1
BRED,7H15582,BLANK_UNKNOWN,repro,4
BRED,7H15791,BLANK_UNKNOWN,repro,1
BRED,7H15824,BLANK_UNKNOWN,repro,1
BRED,7H15945,BLANK_UNKNOWN,repro,15
BRED,7H15977,BLANK_UNKNOWN,repro,25
BRED,7H16067,BLANK_UNKNOWN,repro,17
BRED,7H16095,BLANK_UNKNOWN,repro,12
BRED,7H16103,BLANK_UNKNOWN,repro,24
BRED,7H16796,BLANK_UNKNOWN,repro,25
BRED,7H169262,BLANK_UNKNOWN,repro,9
BRED,7J1474,BLANK_UNKNOWN,repro,4
BRED,7J1758,BLANK_UNKNOWN,repro,2
BRED,7J1822,BLANK_UNKNOWN,repro,2
BRED,7J1930,BLANK_UNKNOWN,repro,2
BRED,7J2022,BLANK_UNKNOWN,repro,4
BRED,829XB1020,BLANK_UNKNOWN,repro,8
BRED,829XB1080,BLANK_UNKNOWN,repro,36
BRED,829XB1112,BLANK_UNKNOWN,repro,72
BRED,829XB149,BLANK_UNKNOWN,repro,2
BRED,829XB234,BLANK_UNKNOWN,repro,146
BRED,829XB275,BLANK_UNKNOWN,repro,6
BRED,829XB937,BLANK_UNKNOWN,repro,2
BRED,9A10025,BLANK_UNKNOWN,repro,50
BRED,9A10026,BLANK_UNKNOWN,repro,23
BRED,9A526,BLANK_UNKNOWN,repro,71
BRED,9A578,BLANK_UNKNOWN,repro,3
BRED,9A800,BLANK_UNKNOWN,repro,39
BRED,9AN526,BLANK_UNKNOWN,repro,10
BRED,9AN578,BLANK_UNKNOWN,repro,32
BRED,9AN579,BLANK_UNKNOWN,repro,1
BRED,9AN799,BLANK_UNKNOWN,repro,41
BRED,9C106,BLANK_UNKNOWN,repro,3
BRED,9C99,BLANK_UNKNOWN,repro,36
BRED,9CH99,BLANK_UNKNOWN,repro,68
BRED,AN625,BLANK_UNKNOWN,repro,2
BRED,AN725,BLANK_UNKNOWN,repro,2
BRED,ANXB,BLANK_UNKNOWN,repro,3
BRED,BULL,BLANK_UNKNOWN,repro,4
BRED,PROPHET,BLANK_UNKNOWN,repro,4
CIDROUT,BLANK_UNKNOWN,BLANK_UNKNOWN,repro,26
CIDR_IO,BLANK_UNKNOWN,BLANK_UNKNOWN,repro,46
CIDR_IO,CIDRIN,BLANK_UNKNOWN,repro,20
CULTURE,./LF,BLANK_UNKNOWN,health,3
CULTURE,A/LH,BLANK_UNKNOWN,health,1
CULTURE,B/LF,BLANK_UNKNOWN,health,1
CULTURE,B/LH,BLANK_UNKNOWN,health,1
CULTURE,C/LF,BLANK_UNKNOWN,health,59
CULTURE,C/LH,BLANK_UNKNOWN,health,55
CULTURE,C/RF,BLANK_UNKNOWN,health,61
CULTURE,C/RH,BLANK_UNKNOWN,health,76
CULTURE,CNS/LH,BLANK_UNKNOWN,health,1
CULTURE,CNS/RF,BLANK_UNKNOWN,health,1
CULTURE,D/LF,BLANK_UNKNOWN,health,1
CULTURE,E/LF,BLANK_UNKNOWN,health,19
CULTURE,E/LH,BLANK_UNKNOWN,health,31
CULTURE,E/RF,BLANK_UNKNOWN,health,25
CULTURE,E/RH,BLANK_UNKNOWN,health,29
CULTURE,F/LF,BLANK_UNKNOWN,health,3
CULTURE,F/LH,BLANK_UNKNOWN,health,4
CULTURE,F/RF,BLANK_UNKNOWN,health,1
CULTURE,F/RH,BLANK_UNKNOWN,health,4
CULTURE,H/LF,BLANK_UNKNOWN,health,1
CULTURE,H/LH,BLANK_UNKNOWN,health,2
CULTURE,H/RF,BLANK_UNKNOWN,health,1
CULTURE,I/LF,BLANK_UNKNOWN,health,2
CULTURE,I/LH,BLANK_UNKNOWN,health,2
CULTURE,K/LF,BLANK_UNKNOWN,health,46
CULTURE,K/LH,BLANK_UNKNOWN,health,65
CULTURE,K/RF,BLANK_UNKNOWN,health,59
CULTURE,K/RH,BLANK_UNKNOWN,health,61
CULTURE,LAB/LF,BLANK_UNKNOWN,health,8
CULTURE,LAB/LH,BLANK_UNKNOWN,health,18
CULTURE,LAB/RF,BLANK_UNKNOWN,health,22
CULTURE,LAB/RH,BLANK_UNKNOWN,health,15
CULTURE,N/ALL4,BLANK_UNKNOWN,health,1
CULTURE,N/CMP,BLANK_UNKNOWN,health,1
CULTURE,N/F,BLANK_UNKNOWN,health,2
CULTURE,N/LF,BLANK_UNKNOWN,health,210
CULTURE,N/LH,BLANK_UNKNOWN,health,250
CULTURE,N/RF,BLANK_UNKNOWN,health,262
CULTURE,N/RH,BLANK_UNKNOWN,health,282
CULTURE,O/RH,BLANK_UNKNOWN,health,1
CULTURE,P/RF,BLANK_UNKNOWN,health,1
CULTURE,R/LF,BLANK_UNKNOWN,health,1
CULTURE,R/RH,BLANK_UNKNOWN,health,1
CULTURE,S/LF,BLANK_UNKNOWN,health,112
CULTURE,S/LH,BLANK_UNKNOWN,health,125
CULTURE,S/RF,BLANK_UNKNOWN,health,116
CULTURE,S/RH,BLANK_UNKNOWN,health,114
CULTURE,T/LF,BLANK_UNKNOWN,health,2
CULTURE,T/LH,BLANK_UNKNOWN,health,3
CULTURE,T/RF,BLANK_UNKNOWN,health,3
CULTURE,T/RH,BLANK_UNKNOWN,health,2
CULTURE,U/LF,BLANK_UNKNOWN,health,1
CULTURE,U/RF,BLANK_UNKNOWN,health,1
CULTURE,W/LF,BLANK_UNKNOWN,health,5
CULTURE,W/LH,BLANK_UNKNOWN,health,8
CULTURE,W/RF,BLANK_UNKNOWN,health,4
CULTURE,W/RH,BLANK_UNKNOWN,health,3
CULTURE,X/LF,BLANK_UNKNOWN,health,11
CULTURE,X/LH,BLANK_UNKNOWN,health,19
CULTURE,X/RF,BLANK_UNKNOWN,health,21
CULTURE,X/RH,BLANK_UNKNOWN,health,23
CULTURE,Y/LF,BLANK_UNKNOWN,health,1
CULTURE,Y/LH,BLANK_UNKNOWN,health,1
DA,CULL,BLANK_UNKNOWN,health,2
DA,DRENCH,BLANK_UNKNOWN,health,1
DA,NO CUT,BLANK_UNKNOWN,health,1
DA,PF3.25,BLANK_UNKNOWN,health,43
DA,PF3.28,BLANK_UNKNOWN,health,1
DA,PF3.32,BLANK_UNKNOWN,health,1
DA,PF3.33,BLANK_UNKNOWN,health,1
DA,PF3.34,BLANK_UNKNOWN,health,1
DA,ROLLCULL,BLANK_UNKNOWN,health,1
DA,ROLLONLY,BLANK_UNKNOWN,health,1
DA,SUPPORT,BLANK_UNKNOWN,health,1
DA,XCNLFLU,BLANK_UNKNOWN,health,1
DEHORN,BLANK_UNKNOWN,BLANK_UNKNOWN,management,144
DEHORN,MXC,BLANK_UNKNOWN,management,1156
DEHORN,POLLED,BLANK_UNKNOWN,management,2
DIARHEA,CORID.5,BLANK_UNKNOWN,health,38
DIARHEA,CORID.8C,BLANK_UNKNOWN,health,2
DIARHEA,HBS,BLANK_UNKNOWN,health,1
DIARHEA,INDIGEST,BLANK_UNKNOWN,health,159
DIARHEA,IVC.PFLX,BLANK_UNKNOWN,health,2
DIARHEA,IVC.PPG,BLANK_UNKNOWN,health,2
DIARHEA,IVC.XNL3,BLANK_UNKNOWN,health,68
DIARHEA,MXC.OF,BLANK_UNKNOWN,health,92
DIARHEA,MXCM.OF,BLANK_UNKNOWN,health,2
DIARHEA,NUFL.OF,BLANK_UNKNOWN,health,2
DIARHEA,OF+MELOX,BLANK_UNKNOWN,health,2
DIARHEA,OR FLUID,BLANK_UNKNOWN,health,522
DIARHEA,PLYFLX29,BLANK_UNKNOWN,health,1
DIARHEA,PPG.OF,BLANK_UNKNOWN,health,2
DIARHEA,SALMONEL,BLANK_UNKNOWN,health,1
DIARHEA,ULCER,BLANK_UNKNOWN,health,1
DIARHEA,WATERY,BLANK_UNKNOWN,health,1
DIARHEA,XNL1.OF,BLANK_UNKNOWN,health,2
DIARHEA,XNL3.MXC,BLANK_UNKNOWN,health,58
DIARHEA,XNL3.OF,BLANK_UNKNOWN,health,276
DIED,ANARECTN,BLANK_UNKNOWN,lact_parameter,2
DIED,ASP PNEU,BLANK_UNKNOWN,lact_parameter,2
DIED,BLANK_UNKNOWN,BLANK_UNKNOWN,lact_parameter,32
DIED,BLOAT,BLANK_UNKNOWN,lact_parameter,2
DIED,BRD,BLANK_UNKNOWN,lact_parameter,2
DIED,BROKNECK,BLANK_UNKNOWN,lact_parameter,4
DIED,DIAR,BLANK_UNKNOWN,lact_parameter,2
DIED,DIED,BLANK_UNKNOWN,lact_parameter,15
DIED,DIG,BLANK_UNKNOWN,lact_parameter,4
DIED,DIG.HBS,BLANK_UNKNOWN,lact_parameter,5
DIED,DIG.O,BLANK_UNKNOWN,lact_parameter,29
DIED,DIG.S,BLANK_UNKNOWN,lact_parameter,4
DIED,EUTH,BLANK_UNKNOWN,lact_parameter,66
DIED,EUTH INJ,BLANK_UNKNOWN,lact_parameter,1
DIED,EUTH.BRD,BLANK_UNKNOWN,lact_parameter,2
DIED,EUTH.PNE,BLANK_UNKNOWN,lact_parameter,4
DIED,EUTHA,BLANK_UNKNOWN,lact_parameter,1
DIED,EUTHANIZ,BLANK_UNKNOWN,lact_parameter,2
DIED,EUTHBRD,BLANK_UNKNOWN,lact_parameter,4
DIED,EUTHDOWN,BLANK_UNKNOWN,lact_parameter,1
DIED,GI,BLANK_UNKNOWN,lact_parameter,2
DIED,HDINJURY,BLANK_UNKNOWN,lact_parameter,2
DIED,HEART,BLANK_UNKNOWN,lact_parameter,1
DIED,HITGATE,BLANK_UNKNOWN,lact_parameter,2
DIED,HRT DFCT,BLANK_UNKNOWN,lact_parameter,2
DIED,HUNG,BLANK_UNKNOWN,lact_parameter,2
DIED,INJ,BLANK_UNKNOWN,lact_parameter,1
DIED,INJ.B,BLANK_UNKNOWN,lact_parameter,3
DIED,INJ.D,BLANK_UNKNOWN,lact_parameter,1
DIED,INJ.DY.E,BLANK_UNKNOWN,lact_parameter,2
DIED,INJ.EUTH,BLANK_UNKNOWN,lact_parameter,2
DIED,INJ.F-EU,BLANK_UNKNOWN,lact_parameter,1
DIED,INJ.H,BLANK_UNKNOWN,lact_parameter,2
DIED,INJ.L,BLANK_UNKNOWN,lact_parameter,3
DIED,INJ.L.E,BLANK_UNKNOWN,lact_parameter,1
DIED,INJ.O,BLANK_UNKNOWN,lact_parameter,7
DIED,INJURY,BLANK_UNKNOWN,lact_parameter,2
DIED,JOINT,BLANK_UNKNOWN,lact_parameter,2
DIED,MAST,BLANK_UNKNOWN,lact_parameter,12
DIED,MAST.ETH,BLANK_UNKNOWN,lact_parameter,1
DIED,MAST.EU,BLANK_UNKNOWN,lact_parameter,1
DIED,MET.K,BLANK_UNKNOWN,lact_parameter,3
DIED,OTHER,BLANK_UNKNOWN,lact_parameter,14
DIED,OTHER-CN,BLANK_UNKNOWN,lact_parameter,2
DIED,OTR.LEUK,BLANK_UNKNOWN,lact_parameter,1
DIED,PERIT,BLANK_UNKNOWN,lact_parameter,2
DIED,PERIT.H,BLANK_UNKNOWN,lact_parameter,1
DIED,PERIT.S,BLANK_UNKNOWN,lact_parameter,1
DIED,PERIT.T,BLANK_UNKNOWN,lact_parameter,4
DIED,PNEU,BLANK_UNKNOWN,lact_parameter,41
DIED,PNEU DIG,BLANK_UNKNOWN,lact_parameter,2
DIED,PNEU.ETH,BLANK_UNKNOWN,lact_parameter,12
DIED,RESP,BLANK_UNKNOWN,lact_parameter,66
DIED,SEPSIS,BLANK_UNKNOWN,lact_parameter,1
DIED,SUDDEN,BLANK_UNKNOWN,lact_parameter,2
DIED,UNK,BLANK_UNKNOWN,lact_parameter,2
DIED,UNKNOWN,BLANK_UNKNOWN,lact_parameter,4
DIED,VX RX,BLANK_UNKNOWN,lact_parameter,2
DNB,BLANK_UNKNOWN,BLANK_UNKNOWN,repro,295
DRY,NOTREAT,BLANK_UNKNOWN,lact_parameter,2
DRY,SPCDC,BLANK_UNKNOWN,lact_parameter,789
DRY,TOMRW,BLANK_UNKNOWN,lact_parameter,10
EXM,2 QTR,BLANK_UNKNOWN,unknown,1
EXM,2ND DOSE,BLANK_UNKNOWN,unknown,7
EXM,2ND DS,BLANK_UNKNOWN,unknown,1
EXM,2ND DS E,BLANK_UNKNOWN,unknown,1
EXM,2ND EXC,BLANK_UNKNOWN,unknown,1
EXM,2ND EXCD,BLANK_UNKNOWN,unknown,2
EXM,2ND EXCE,BLANK_UNKNOWN,unknown,2
EXM,3QTR,BLANK_UNKNOWN,unknown,1
EXM,3TEATRF,BLANK_UNKNOWN,unknown,1
EXM,4.CANULA,BLANK_UNKNOWN,unknown,1
EXM,4CANNULA,BLANK_UNKNOWN,unknown,5
EXM,AB DISCM,BLANK_UNKNOWN,unknown,2
EXM,ABCESS,BLANK_UNKNOWN,unknown,2
EXM,ABORT,BLANK_UNKNOWN,unknown,3
EXM,ABS OPEN,BLANK_UNKNOWN,unknown,1
EXM,ABSCESLH,BLANK_UNKNOWN,unknown,1
EXM,ABSCESSL,BLANK_UNKNOWN,unknown,1
EXM,ABSCLH,BLANK_UNKNOWN,unknown,1
EXM,ADR,BLANK_UNKNOWN,unknown,1
EXM,ADR.XNL,BLANK_UNKNOWN,unknown,2
EXM,AGLUDDR,BLANK_UNKNOWN,unknown,7
EXM,ANOREXIA,BLANK_UNKNOWN,unknown,2
EXM,ASP,BLANK_UNKNOWN,unknown,2
EXM,ASP PNEU,BLANK_UNKNOWN,unknown,2
EXM,B VITS,BLANK_UNKNOWN,unknown,3
EXM,BACKSORE,BLANK_UNKNOWN,unknown,1
EXM,BAD.BRD,BLANK_UNKNOWN,unknown,2
EXM,BANDCHG,BLANK_UNKNOWN,unknown,2
EXM,BANDED,BLANK_UNKNOWN,unknown,2
EXM,BAR,BLANK_UNKNOWN,unknown,4
EXM,BARE,BLANK_UNKNOWN,unknown,1
EXM,BEEF CAF,BLANK_UNKNOWN,unknown,2
EXM,BL BANDR,BLANK_UNKNOWN,unknown,1
EXM,BLDSTOOL,BLANK_UNKNOWN,unknown,1
EXM,BLDWORK,BLANK_UNKNOWN,unknown,2
EXM,BLDWRK,BLANK_UNKNOWN,unknown,1
EXM,BLIND LF,BLANK_UNKNOWN,unknown,1
EXM,BLIND RH,BLANK_UNKNOWN,unknown,1
EXM,BLINDLH,BLANK_UNKNOWN,unknown,1
EXM,BLOAT,BLANK_UNKNOWN,unknown,8
EXM,BLOATWHI,BLANK_UNKNOWN,unknown,2
EXM,BLOKPROB,BLANK_UNKNOWN,unknown,2
EXM,BLOODWOR,BLANK_UNKNOWN,unknown,1
EXM,BLOODWRK,BLANK_UNKNOWN,unknown,1
EXM,BLUE RH,BLANK_UNKNOWN,unknown,1
EXM,BLV,BLANK_UNKNOWN,unknown,1
EXM,BO-SE,BLANK_UNKNOWN,unknown,2
EXM,BOVIKALC,BLANK_UNKNOWN,unknown,2
EXM,BRD,BLANK_UNKNOWN,unknown,4
EXM,BRD 4X,BLANK_UNKNOWN,unknown,2
EXM,BRD RECK,BLANK_UNKNOWN,unknown,7
EXM,BRD X,BLANK_UNKNOWN,unknown,2
EXM,BRD+,BLANK_UNKNOWN,unknown,2
EXM,BRDCHRON,BLANK_UNKNOWN,unknown,2
EXM,BRDNOTX,BLANK_UNKNOWN,unknown,1
EXM,BRDRE-CK,BLANK_UNKNOWN,unknown,1
EXM,BRDRECHK,BLANK_UNKNOWN,unknown,6
EXM,BVD JHNE,BLANK_UNKNOWN,unknown,1
EXM,BW.STABL,BLANK_UNKNOWN,unknown,1
EXM,CALVING,BLANK_UNKNOWN,unknown,1
EXM,CAN SURG,BLANK_UNKNOWN,unknown,2
EXM,CAN SX,BLANK_UNKNOWN,unknown,2
EXM,CANN RH,BLANK_UNKNOWN,unknown,1
EXM,CANNSURG,BLANK_UNKNOWN,unknown,3
EXM,CANNULA,BLANK_UNKNOWN,unknown,3
EXM,CBC.CHEM,BLANK_UNKNOWN,unknown,2
EXM,CBC/CHEM,BLANK_UNKNOWN,unknown,1
EXM,CBCCHEM,BLANK_UNKNOWN,unknown,1
EXM,CBRD,BLANK_UNKNOWN,unknown,4
EXM,CBRD.NT,BLANK_UNKNOWN,unknown,1
EXM,CHECKEAR,BLANK_UNKNOWN,unknown,2
EXM,CHG CANN,BLANK_UNKNOWN,unknown,2
EXM,CHNCLAME,BLANK_UNKNOWN,unknown,1
EXM,CHOKE?,BLANK_UNKNOWN,unknown,1
EXM,CHR LAME,BLANK_UNKNOWN,unknown,1
EXM,CHR0NIC,BLANK_UNKNOWN,unknown,2
EXM,CHRLAME,BLANK_UNKNOWN,unknown,2
EXM,CHRN BRD,BLANK_UNKNOWN,unknown,4
EXM,CHRNCBRD,BLANK_UNKNOWN,unknown,2
EXM,CHRNEUTH,BLANK_UNKNOWN,unknown,2
EXM,CHRON BR,BLANK_UNKNOWN,unknown,2
EXM,CHRONBRD,BLANK_UNKNOWN,unknown,9
EXM,CHRONDEX,BLANK_UNKNOWN,unknown,2
EXM,CHRONIC,BLANK_UNKNOWN,unknown,120
EXM,CHRONIC',BLANK_UNKNOWN,unknown,1
EXM,CHRONIC?,BLANK_UNKNOWN,unknown,3
EXM,CITROBAC,BLANK_UNKNOWN,unknown,1
EXM,CL OR EU,BLANK_UNKNOWN,unknown,2
EXM,CLN CAN,BLANK_UNKNOWN,unknown,2
EXM,CLOSTRID,BLANK_UNKNOWN,unknown,2
EXM,CMT NEG,BLANK_UNKNOWN,unknown,2
EXM,CNG CANN,BLANK_UNKNOWN,unknown,1
EXM,COLDHOSE,BLANK_UNKNOWN,unknown,2
EXM,COMPOSIT,BLANK_UNKNOWN,unknown,1
EXM,CONFINJ,BLANK_UNKNOWN,unknown,1
EXM,CONJ R,BLANK_UNKNOWN,unknown,2
EXM,CONJCTIS,BLANK_UNKNOWN,unknown,4
EXM,CONJUNC,BLANK_UNKNOWN,unknown,3
EXM,CRNC LME,BLANK_UNKNOWN,unknown,1
EXM,CULL,BLANK_UNKNOWN,unknown,3
EXM,CULL?,BLANK_UNKNOWN,unknown,1
EXM,CUT OK,BLANK_UNKNOWN,unknown,2
EXM,CUTONLEG,BLANK_UNKNOWN,unknown,1
EXM,DA SUTR,BLANK_UNKNOWN,unknown,1
EXM,DC LF QT,BLANK_UNKNOWN,unknown,1
EXM,DC RF,BLANK_UNKNOWN,unknown,1
EXM,DC RFQTR,BLANK_UNKNOWN,unknown,1
EXM,DC TX,BLANK_UNKNOWN,unknown,1
EXM,DCTXMONI,BLANK_UNKNOWN,unknown,1
EXM,DEADTAIL,BLANK_UNKNOWN,unknown,1
EXM,DEFER,BLANK_UNKNOWN,unknown,1
EXM,DEHYDR,BLANK_UNKNOWN,unknown,1
EXM,DEX,BLANK_UNKNOWN,unknown,12
EXM,DEXA,BLANK_UNKNOWN,unknown,6
EXM,DEXAMETH,BLANK_UNKNOWN,unknown,19
EXM,DEXBVIT,BLANK_UNKNOWN,unknown,1
EXM,DEXMETH,BLANK_UNKNOWN,unknown,2
EXM,DEXRECEU,BLANK_UNKNOWN,unknown,2
EXM,DIARHEA,BLANK_UNKNOWN,unknown,2
EXM,DIARNOTX,BLANK_UNKNOWN,unknown,2
EXM,DIARRHEA,BLANK_UNKNOWN,unknown,2
EXM,DIPTHERA,BLANK_UNKNOWN,unknown,2
EXM,DONT TRT,BLANK_UNKNOWN,unknown,1
EXM,DOWN,BLANK_UNKNOWN,unknown,3
EXM,DRENCH,BLANK_UNKNOWN,unknown,4
EXM,DRNCHDEX,BLANK_UNKNOWN,unknown,1
EXM,DULL,BLANK_UNKNOWN,unknown,2
EXM,DUMDRNKR,BLANK_UNKNOWN,unknown,2
EXM,EAR INFX,BLANK_UNKNOWN,unknown,4
EXM,EAR LAC,BLANK_UNKNOWN,unknown,1
EXM,EARNOTCH,BLANK_UNKNOWN,unknown,2
EXM,EARTAG L,BLANK_UNKNOWN,unknown,1
EXM,EATS.OK,BLANK_UNKNOWN,unknown,1
EXM,ENUCL,BLANK_UNKNOWN,unknown,1
EXM,ESTRUS,BLANK_UNKNOWN,unknown,1
EXM,EUTH REC,BLANK_UNKNOWN,unknown,2
EXM,EXCDRNCH,BLANK_UNKNOWN,unknown,2
EXM,EXCED/EY,BLANK_UNKNOWN,unknown,1
EXM,EXCEDE,BLANK_UNKNOWN,unknown,1
EXM,EXD.20.L,BLANK_UNKNOWN,unknown,1
EXM,EYE CRUD,BLANK_UNKNOWN,unknown,2
EXM,EYE PATC,BLANK_UNKNOWN,unknown,1
EXM,EYE.OK,BLANK_UNKNOWN,unknown,2
EXM,EYE.OKAY,BLANK_UNKNOWN,unknown,1
EXM,EYECON B,BLANK_UNKNOWN,unknown,4
EXM,EYECON R,BLANK_UNKNOWN,unknown,2
EXM,EYECRUD,BLANK_UNKNOWN,unknown,12
EXM,EYEINJ,BLANK_UNKNOWN,unknown,1
EXM,EYEINJOS,BLANK_UNKNOWN,unknown,1
EXM,EYELD OK,BLANK_UNKNOWN,unknown,1
EXM,EYEULCER,BLANK_UNKNOWN,unknown,4
EXM,EYLD LAC,BLANK_UNKNOWN,unknown,1
EXM,FACELUMP,BLANK_UNKNOWN,unknown,2
EXM,FACETRMA,BLANK_UNKNOWN,unknown,1
EXM,FARM ADD,BLANK_UNKNOWN,unknown,1
EXM,FARM DEC,BLANK_UNKNOWN,unknown,1
EXM,FARM TX,BLANK_UNKNOWN,unknown,2
EXM,FAT BCS,BLANK_UNKNOWN,unknown,1
EXM,FCAL SAM,BLANK_UNKNOWN,unknown,1
EXM,FEVER,BLANK_UNKNOWN,unknown,6
EXM,FLUSH AB,BLANK_UNKNOWN,unknown,1
EXM,FRESH,BLANK_UNKNOWN,unknown,2
EXM,FRMABORT,BLANK_UNKNOWN,unknown,1
EXM,FRRESOLV,BLANK_UNKNOWN,unknown,1
EXM,FRSTBITE,BLANK_UNKNOWN,unknown,2
EXM,GI ADR,BLANK_UNKNOWN,unknown,2
EXM,GI UPSET,BLANK_UNKNOWN,unknown,2
EXM,GRANULAT,BLANK_UNKNOWN,unknown,1
EXM,GUTDYSBI,BLANK_UNKNOWN,unknown,2
EXM,HARDWARE,BLANK_UNKNOWN,unknown,3
EXM,HARDWRE?,BLANK_UNKNOWN,unknown,1
EXM,HBS,BLANK_UNKNOWN,unknown,1
EXM,HEAD STK,BLANK_UNKNOWN,unknown,1
EXM,HEALING,BLANK_UNKNOWN,unknown,1
EXM,HEALTHY,BLANK_UNKNOWN,unknown,878
EXM,HEALTHY-,BLANK_UNKNOWN,unknown,1
EXM,HEATSRS,BLANK_UNKNOWN,unknown,1
EXM,HEATSTRE,BLANK_UNKNOWN,unknown,1
EXM,HEATSTRS,BLANK_UNKNOWN,unknown,9
EXM,HEMATOMA,BLANK_UNKNOWN,unknown,1
EXM,HINDLIMB,BLANK_UNKNOWN,unknown,1
EXM,HIPDISCM,BLANK_UNKNOWN,unknown,1
EXM,HLTH,BLANK_UNKNOWN,unknown,1
EXM,HOCK INJ,BLANK_UNKNOWN,unknown,2
EXM,HOCKSORE,BLANK_UNKNOWN,unknown,2
EXM,HOOFTRIM,BLANK_UNKNOWN,unknown,1
EXM,HOTSTRES,BLANK_UNKNOWN,unknown,5
EXM,HRDWRE,BLANK_UNKNOWN,unknown,1
EXM,HTSTRESS,BLANK_UNKNOWN,unknown,1
EXM,HTSTRS,BLANK_UNKNOWN,unknown,2
EXM,HYGROMA,BLANK_UNKNOWN,unknown,1
EXM,IMPROVED,BLANK_UNKNOWN,unknown,1
EXM,IMPROVIN,BLANK_UNKNOWN,unknown,3
EXM,INCABSC,BLANK_UNKNOWN,unknown,1
EXM,INCISION,BLANK_UNKNOWN,unknown,5
EXM,INDIEST,BLANK_UNKNOWN,unknown,1
EXM,INDIG,BLANK_UNKNOWN,unknown,2
EXM,INDIGEST,BLANK_UNKNOWN,unknown,8
EXM,INDUCE,BLANK_UNKNOWN,unknown,2
EXM,INFLAM,BLANK_UNKNOWN,unknown,1
EXM,INFTAGAS,BLANK_UNKNOWN,unknown,2
EXM,INJ/DOWN,BLANK_UNKNOWN,unknown,1
EXM,INJRTAIL,BLANK_UNKNOWN,unknown,1
EXM,IV TRPY,BLANK_UNKNOWN,unknown,2
EXM,JAW ABS,BLANK_UNKNOWN,unknown,2
EXM,JAW EXCD,BLANK_UNKNOWN,unknown,1
EXM,JAW LUMP,BLANK_UNKNOWN,unknown,2
EXM,JAW SWEL,BLANK_UNKNOWN,unknown,2
EXM,JAW SWLL,BLANK_UNKNOWN,unknown,1
EXM,JAWABSC,BLANK_UNKNOWN,unknown,4
EXM,JAWABSCE,BLANK_UNKNOWN,unknown,4
EXM,JAWSWELL,BLANK_UNKNOWN,unknown,2
EXM,JNT TAP,BLANK_UNKNOWN,unknown,2
EXM,JNTFLUSH,BLANK_UNKNOWN,unknown,2
EXM,JOHN NEG,BLANK_UNKNOWN,unknown,1
EXM,JOHNES+,BLANK_UNKNOWN,unknown,2
EXM,JOHNES?,BLANK_UNKNOWN,unknown,1
EXM,JOHNETST,BLANK_UNKNOWN,unknown,1
EXM,KCL,BLANK_UNKNOWN,unknown,1
EXM,KILL LF,BLANK_UNKNOWN,unknown,1
EXM,KILL QTR,BLANK_UNKNOWN,unknown,1
EXM,KILLRFQT,BLANK_UNKNOWN,unknown,1
EXM,LAME,BLANK_UNKNOWN,unknown,2
EXM,LAME-NF,BLANK_UNKNOWN,unknown,1
EXM,LAME??,BLANK_UNKNOWN,unknown,1
EXM,LAMECULL,BLANK_UNKNOWN,unknown,6
EXM,LAMEIMPR,BLANK_UNKNOWN,unknown,1
EXM,LAMELH,BLANK_UNKNOWN,unknown,1
EXM,LANCEABS,BLANK_UNKNOWN,unknown,2
EXM,LAST TX,BLANK_UNKNOWN,unknown,4
EXM,LASTTRX,BLANK_UNKNOWN,unknown,2
EXM,LATEPREG,BLANK_UNKNOWN,unknown,2
EXM,LDA EUTH,BLANK_UNKNOWN,unknown,1
EXM,LDA NOSX,BLANK_UNKNOWN,unknown,1
EXM,LDASXTOM,BLANK_UNKNOWN,unknown,1
EXM,LEFTHOCK,BLANK_UNKNOWN,unknown,1
EXM,LEYE,BLANK_UNKNOWN,unknown,2
EXM,LEYE.NT,BLANK_UNKNOWN,unknown,2
EXM,LF CAN,BLANK_UNKNOWN,unknown,1
EXM,LF WARM,BLANK_UNKNOWN,unknown,1
EXM,LFQT WRT,BLANK_UNKNOWN,unknown,1
EXM,LH DEAD,BLANK_UNKNOWN,unknown,1
EXM,LH TEAT,BLANK_UNKNOWN,unknown,1
EXM,LHLAME,BLANK_UNKNOWN,unknown,1
EXM,LHOCK,BLANK_UNKNOWN,unknown,1
EXM,LHRHTEAT,BLANK_UNKNOWN,unknown,1
EXM,LIVBIOPS,BLANK_UNKNOWN,unknown,6
EXM,LMPYJAW,BLANK_UNKNOWN,unknown,2
EXM,LOOSE,BLANK_UNKNOWN,unknown,1
EXM,LOWVIGOR,BLANK_UNKNOWN,unknown,2
EXM,LUMP,BLANK_UNKNOWN,unknown,2
EXM,LUMPJAW,BLANK_UNKNOWN,unknown,2
EXM,LUTE,BLANK_UNKNOWN,unknown,2
EXM,LVR FAIL,BLANK_UNKNOWN,unknown,1
EXM,MADSQU,BLANK_UNKNOWN,unknown,2
EXM,MANURE,BLANK_UNKNOWN,unknown,1
EXM,MAST,BLANK_UNKNOWN,unknown,1
EXM,MASTCULL,BLANK_UNKNOWN,unknown,1
EXM,MASTPULL,BLANK_UNKNOWN,unknown,1
EXM,MAT BARN,BLANK_UNKNOWN,unknown,2
EXM,MELOX,BLANK_UNKNOWN,unknown,100
EXM,MELOX 14,BLANK_UNKNOWN,unknown,2
EXM,MELOXCAM,BLANK_UNKNOWN,unknown,6
EXM,MELOXI,BLANK_UNKNOWN,unknown,2
EXM,MELOXICA,BLANK_UNKNOWN,unknown,3
EXM,MELOXICM,BLANK_UNKNOWN,unknown,2
EXM,MET RES,BLANK_UNKNOWN,unknown,1
EXM,MET RSVL,BLANK_UNKNOWN,unknown,1
EXM,METR-RCK,BLANK_UNKNOWN,unknown,1
EXM,METRITIS,BLANK_UNKNOWN,unknown,1
EXM,METRMILD,BLANK_UNKNOWN,unknown,1
EXM,METRRES,BLANK_UNKNOWN,unknown,1
EXM,MFRECHK,BLANK_UNKNOWN,unknown,1
EXM,MILD ABD,BLANK_UNKNOWN,unknown,2
EXM,MILDFEV,BLANK_UNKNOWN,unknown,1
EXM,MLKFECES,BLANK_UNKNOWN,unknown,2
EXM,MLOXICAM,BLANK_UNKNOWN,unknown,2
EXM,MONIOR,BLANK_UNKNOWN,unknown,2
EXM,MONITER,BLANK_UNKNOWN,unknown,1
EXM,MONITOR,BLANK_UNKNOWN,unknown,148
EXM,MOUTHLAC,BLANK_UNKNOWN,unknown,2
EXM,MOUTHSO,BLANK_UNKNOWN,unknown,2
EXM,NECKABSC,BLANK_UNKNOWN,unknown,1
EXM,NEEDTRIM,BLANK_UNKNOWN,unknown,1
EXM,NEGATIVE,BLANK_UNKNOWN,unknown,1
EXM,NO BUENO,BLANK_UNKNOWN,unknown,2
EXM,NO MAST,BLANK_UNKNOWN,unknown,1
EXM,NO RUMEN,BLANK_UNKNOWN,unknown,1
EXM,NO TX,BLANK_UNKNOWN,unknown,7
EXM,NO TXCUL,BLANK_UNKNOWN,unknown,1
EXM,NO.MAST,BLANK_UNKNOWN,unknown,1
EXM,NO.TX,BLANK_UNKNOWN,unknown,2
EXM,NOHDTILT,BLANK_UNKNOWN,unknown,2
EXM,NOLOCKUP,BLANK_UNKNOWN,unknown,1
EXM,NOMILKRF,BLANK_UNKNOWN,unknown,1
EXM,NOSERNG,BLANK_UNKNOWN,unknown,1
EXM,NOSPLINT,BLANK_UNKNOWN,unknown,2
EXM,NOTX,BLANK_UNKNOWN,unknown,13
EXM,NOTXCHRO,BLANK_UNKNOWN,unknown,2
EXM,NOTXDONE,BLANK_UNKNOWN,unknown,1
EXM,NRVINJ,BLANK_UNKNOWN,unknown,1
EXM,NT,BLANK_UNKNOWN,unknown,3
EXM,NT.BRD,BLANK_UNKNOWN,unknown,2
EXM,NT.CBRD,BLANK_UNKNOWN,unknown,4
EXM,NT.MONIT,BLANK_UNKNOWN,unknown,1
EXM,NU REDS,BLANK_UNKNOWN,unknown,2
EXM,NU REPT,BLANK_UNKNOWN,unknown,2
EXM,OD INJUR,BLANK_UNKNOWN,unknown,2
EXM,OD OK,BLANK_UNKNOWN,unknown,2
EXM,OD OKAY,BLANK_UNKNOWN,unknown,2
EXM,OD.OK,BLANK_UNKNOWN,unknown,1
EXM,OD.STABL,BLANK_UNKNOWN,unknown,1
EXM,OD.TRAMA,BLANK_UNKNOWN,unknown,1
EXM,ODINJURY,BLANK_UNKNOWN,unknown,1
EXM,OF,BLANK_UNKNOWN,unknown,3
EXM,OKFRESH,BLANK_UNKNOWN,unknown,2
EXM,OPEN OK,BLANK_UNKNOWN,unknown,2
EXM,OS INJ,BLANK_UNKNOWN,unknown,1
EXM,OS OKAY,BLANK_UNKNOWN,unknown,2
EXM,OSLIDINJ,BLANK_UNKNOWN,unknown,1
EXM,OSNORM,BLANK_UNKNOWN,unknown,1
EXM,OUCONJCT,BLANK_UNKNOWN,unknown,2
EXM,PAINFUL,BLANK_UNKNOWN,unknown,1
EXM,PELVCINJ,BLANK_UNKNOWN,unknown,1
EXM,PENCHECK,BLANK_UNKNOWN,unknown,2
EXM,PENEXMOK,BLANK_UNKNOWN,unknown,1
EXM,PHYSTHER,BLANK_UNKNOWN,unknown,2
EXM,PLACENTA,BLANK_UNKNOWN,unknown,1
EXM,PNEU,BLANK_UNKNOWN,unknown,1
EXM,PNEU.NT,BLANK_UNKNOWN,unknown,1
EXM,PNEURCHK,BLANK_UNKNOWN,unknown,2
EXM,POLLED,BLANK_UNKNOWN,unknown,104
EXM,POORDOER,BLANK_UNKNOWN,unknown,2
EXM,POS HRDW,BLANK_UNKNOWN,unknown,1
EXM,PREEMIE,BLANK_UNKNOWN,unknown,4
EXM,PREG,BLANK_UNKNOWN,unknown,1
EXM,PT URACS,BLANK_UNKNOWN,unknown,2
EXM,PTI-MELO,BLANK_UNKNOWN,unknown,2
EXM,PTI.MELX,BLANK_UNKNOWN,unknown,2
EXM,PULLSUTR,BLANK_UNKNOWN,unknown,3
EXM,PUNCTURE,BLANK_UNKNOWN,unknown,2
EXM,PYO,BLANK_UNKNOWN,unknown,1
EXM,PYO-RECK,BLANK_UNKNOWN,unknown,1
EXM,R EYE OK,BLANK_UNKNOWN,unknown,1
EXM,R EYELID,BLANK_UNKNOWN,unknown,1
EXM,R.EYE,BLANK_UNKNOWN,unknown,1
EXM,RCK TOM,BLANK_UNKNOWN,unknown,2
EXM,RCKMETR,BLANK_UNKNOWN,unknown,1
EXM,RE CHECK,BLANK_UNKNOWN,unknown,2
EXM,RE TET,BLANK_UNKNOWN,unknown,2
EXM,RE-CHK,BLANK_UNKNOWN,unknown,1
EXM,REBLOCK,BLANK_UNKNOWN,unknown,1
EXM,REC EUTH,BLANK_UNKNOWN,unknown,9
EXM,RECAST,BLANK_UNKNOWN,unknown,2
EXM,RECCULL,BLANK_UNKNOWN,unknown,2
EXM,RECEUTH,BLANK_UNKNOWN,unknown,4
EXM,RECHCKOK,BLANK_UNKNOWN,unknown,2
EXM,RECHECK,BLANK_UNKNOWN,unknown,10
EXM,RECHTOM,BLANK_UNKNOWN,unknown,3
EXM,RECK BRD,BLANK_UNKNOWN,unknown,2
EXM,RECK OK,BLANK_UNKNOWN,unknown,1
EXM,RECK TOM,BLANK_UNKNOWN,unknown,1
EXM,RECK.EYE,BLANK_UNKNOWN,unknown,1
EXM,RECKLAME,BLANK_UNKNOWN,unknown,2
EXM,RECKMETR,BLANK_UNKNOWN,unknown,2
EXM,RECOVERI,BLANK_UNKNOWN,unknown,1
EXM,RECOVERY,BLANK_UNKNOWN,unknown,3
EXM,RECULT,BLANK_UNKNOWN,unknown,1
EXM,REDOS NU,BLANK_UNKNOWN,unknown,2
EXM,REDOSE,BLANK_UNKNOWN,unknown,33
EXM,REDOSE E,BLANK_UNKNOWN,unknown,1
EXM,REDOSED,BLANK_UNKNOWN,unknown,6
EXM,REDOSENU,BLANK_UNKNOWN,unknown,4
EXM,REGURGED,BLANK_UNKNOWN,unknown,2
EXM,REM CAST,BLANK_UNKNOWN,unknown,2
EXM,REMSUTR,BLANK_UNKNOWN,unknown,1
EXM,REMSUTUR,BLANK_UNKNOWN,unknown,1
EXM,REMV RP,BLANK_UNKNOWN,unknown,1
EXM,REMV TAG,BLANK_UNKNOWN,unknown,2
EXM,REMV.RP,BLANK_UNKNOWN,unknown,1
EXM,REMVCATH,BLANK_UNKNOWN,unknown,2
EXM,REMVSUTR,BLANK_UNKNOWN,unknown,1
EXM,REPATCH,BLANK_UNKNOWN,unknown,1
EXM,RESOLVED,BLANK_UNKNOWN,unknown,1
EXM,RESOLVIN,BLANK_UNKNOWN,unknown,1
EXM,RESP=3,BLANK_UNKNOWN,unknown,2
EXM,RESPLINT,BLANK_UNKNOWN,unknown,4
EXM,RET PLAC,BLANK_UNKNOWN,unknown,1
EXM,RETREAT,BLANK_UNKNOWN,unknown,5
EXM,RETRIM,BLANK_UNKNOWN,unknown,1
EXM,RETXNUFL,BLANK_UNKNOWN,unknown,4
EXM,REYE.OK,BLANK_UNKNOWN,unknown,1
EXM,REYECRUD,BLANK_UNKNOWN,unknown,2
EXM,RF BLIND,BLANK_UNKNOWN,unknown,1
EXM,RF LARGE,BLANK_UNKNOWN,unknown,1
EXM,RF LEG,BLANK_UNKNOWN,unknown,2
EXM,RFINJURY,BLANK_UNKNOWN,unknown,1
EXM,RFQRTHYP,BLANK_UNKNOWN,unknown,1
EXM,RFQTBLED,BLANK_UNKNOWN,unknown,1
EXM,RH CANNU,BLANK_UNKNOWN,unknown,1
EXM,RH FT CT,BLANK_UNKNOWN,unknown,1
EXM,RH T INJ,BLANK_UNKNOWN,unknown,1
EXM,RH.INJT,BLANK_UNKNOWN,unknown,1
EXM,RHTRAUMA,BLANK_UNKNOWN,unknown,1
EXM,RIB INJR,BLANK_UNKNOWN,unknown,1
EXM,RMOVESUT,BLANK_UNKNOWN,unknown,1
EXM,RMV PCTA,BLANK_UNKNOWN,unknown,1
EXM,RMV PLAC,BLANK_UNKNOWN,unknown,2
EXM,RMV STAY,BLANK_UNKNOWN,unknown,2
EXM,RMV STIC,BLANK_UNKNOWN,unknown,1
EXM,RMV SUTR,BLANK_UNKNOWN,unknown,3
EXM,RMVSUTR,BLANK_UNKNOWN,unknown,1
EXM,RMVSUTRS,BLANK_UNKNOWN,unknown,1
EXM,RP,BLANK_UNKNOWN,unknown,1
EXM,RP.EXCD2,BLANK_UNKNOWN,unknown,1
EXM,RP.MONIT,BLANK_UNKNOWN,unknown,1
EXM,RRCHR.DD,BLANK_UNKNOWN,unknown,1
EXM,RSUTURE,BLANK_UNKNOWN,unknown,1
EXM,S. INFAN,BLANK_UNKNOWN,unknown,1
EXM,SCOURS,BLANK_UNKNOWN,unknown,2
EXM,SCRAPE,BLANK_UNKNOWN,unknown,1
EXM,SEPTIC?,BLANK_UNKNOWN,unknown,2
EXM,SEPTJOIN,BLANK_UNKNOWN,unknown,1
EXM,SEROMA,BLANK_UNKNOWN,unknown,2
EXM,SLIP-OK,BLANK_UNKNOWN,unknown,1
EXM,SLIPFALL,BLANK_UNKNOWN,unknown,1
EXM,SOLE ABC,BLANK_UNKNOWN,unknown,1
EXM,SOREFEET,BLANK_UNKNOWN,unknown,1
EXM,SORETEAT,BLANK_UNKNOWN,unknown,1
EXM,SPASTICP,BLANK_UNKNOWN,unknown,1
EXM,SPINAL,BLANK_UNKNOWN,unknown,1
EXM,SPLINTOK,BLANK_UNKNOWN,unknown,4
EXM,SPLIT,BLANK_UNKNOWN,unknown,1
EXM,SPPARESI,BLANK_UNKNOWN,unknown,1
EXM,STABL,BLANK_UNKNOWN,unknown,1
EXM,STABLE,BLANK_UNKNOWN,unknown,420
EXM,STABLEOF,BLANK_UNKNOWN,unknown,4
EXM,STIF/THN,BLANK_UNKNOWN,unknown,1
EXM,SUS TORS,BLANK_UNKNOWN,unknown,2
EXM,SUTR OUT,BLANK_UNKNOWN,unknown,1
EXM,SUTR RMV,BLANK_UNKNOWN,unknown,1
EXM,T PYO?,BLANK_UNKNOWN,unknown,1
EXM,TAG INF,BLANK_UNKNOWN,unknown,6
EXM,TAG-INFX,BLANK_UNKNOWN,unknown,2
EXM,TAGINFXN,BLANK_UNKNOWN,unknown,4
EXM,TAGISSUE,BLANK_UNKNOWN,unknown,1
EXM,TAIL,BLANK_UNKNOWN,unknown,2
EXM,TAILBAND,BLANK_UNKNOWN,unknown,1
EXM,TAILBLED,BLANK_UNKNOWN,unknown,4
EXM,TAILROT,BLANK_UNKNOWN,unknown,1
EXM,TEAT INJ,BLANK_UNKNOWN,unknown,2
EXM,TEAT.RF,BLANK_UNKNOWN,unknown,1
EXM,TEATINJU,BLANK_UNKNOWN,unknown,2
EXM,TEATINJY,BLANK_UNKNOWN,unknown,1
EXM,TEATSORE,BLANK_UNKNOWN,unknown,2
EXM,TENDONS,BLANK_UNKNOWN,unknown,2
EXM,TESTING,BLANK_UNKNOWN,unknown,1
EXM,TESTJOHN,BLANK_UNKNOWN,unknown,2
EXM,THIN,BLANK_UNKNOWN,unknown,2
EXM,THINBCS,BLANK_UNKNOWN,unknown,2
EXM,TITINJRF,BLANK_UNKNOWN,unknown,1
EXM,TOPWOUND,BLANK_UNKNOWN,unknown,1
EXM,TRANSFAN,BLANK_UNKNOWN,unknown,1
EXM,TRANSFAU,BLANK_UNKNOWN,unknown,1
EXM,TRIMSORE,BLANK_UNKNOWN,unknown,1
EXM,TSCOLDHO,BLANK_UNKNOWN,unknown,1
EXM,TSTING,BLANK_UNKNOWN,unknown,1
EXM,TTW,BLANK_UNKNOWN,unknown,16
EXM,UDDERROT,BLANK_UNKNOWN,unknown,6
EXM,UDDRLAC,BLANK_UNKNOWN,unknown,1
EXM,UDDRROT,BLANK_UNKNOWN,unknown,3
EXM,UDDRSORE,BLANK_UNKNOWN,unknown,3
EXM,UDERABSC,BLANK_UNKNOWN,unknown,1
EXM,UDERSORE,BLANK_UNKNOWN,unknown,3
EXM,UDR ABS,BLANK_UNKNOWN,unknown,1
EXM,UDR ABSC,BLANK_UNKNOWN,unknown,4
EXM,UDR INJ,BLANK_UNKNOWN,unknown,1
EXM,UDR ROT,BLANK_UNKNOWN,unknown,2
EXM,UDR SLUF,BLANK_UNKNOWN,unknown,1
EXM,UDR SORE,BLANK_UNKNOWN,unknown,7
EXM,UDR WND,BLANK_UNKNOWN,unknown,1
EXM,UDRABS,BLANK_UNKNOWN,unknown,1
EXM,UDRCHAFE,BLANK_UNKNOWN,unknown,1
EXM,UDRROT,BLANK_UNKNOWN,unknown,1
EXM,UMB ABSC,BLANK_UNKNOWN,unknown,2
EXM,UMBSTALK,BLANK_UNKNOWN,unknown,6
EXM,UNKNOWN,BLANK_UNKNOWN,unknown,1
EXM,UTRN PRO,BLANK_UNKNOWN,unknown,1
EXM,VAC RX,BLANK_UNKNOWN,unknown,2
EXM,VAGINITS,BLANK_UNKNOWN,unknown,1
EXM,VAGSWELL,BLANK_UNKNOWN,unknown,1
EXM,VITA/D,BLANK_UNKNOWN,unknown,2
EXM,VITBCOM,BLANK_UNKNOWN,unknown,1
EXM,WEAK,BLANK_UNKNOWN,unknown,2
EXM,WEAKTHIN,BLANK_UNKNOWN,unknown,2
EXM,WNL.,BLANK_UNKNOWN,unknown,1
EXM,WNLOPEN,BLANK_UNKNOWN,unknown,1
EXM,WONT DNK,BLANK_UNKNOWN,unknown,2
EXM,WTE LINE,BLANK_UNKNOWN,unknown,1
EXM,XCD.20.R,BLANK_UNKNOWN,unknown,1
EXM,XD-RETR,BLANK_UNKNOWN,unknown,1
EXM,XNL,BLANK_UNKNOWN,unknown,2
EXM,XTRATEAT,BLANK_UNKNOWN,unknown,2
FRESH,BLANK_UNKNOWN,BLANK_UNKNOWN,lact_parameter,1731
GOHOME,BLANK_UNKNOWN,BLANK_UNKNOWN,management,2
HRDWARE,BLANK_UNKNOWN,BLANK_UNKNOWN,health,2
ILLMISC,ALUSPRAY,BLANK_UNKNOWN,health,1
ILLMISC,BAN/EXCD,BLANK_UNKNOWN,health,1
ILLMISC,BAN3.25,BLANK_UNKNOWN,health,7
ILLMISC,BANAMINE,BLANK_UNKNOWN,health,1
ILLMISC,BDG.MELO,BLANK_UNKNOWN,health,1
ILLMISC,BRD PF,BLANK_UNKNOWN,health,1
ILLMISC,CANSX,BLANK_UNKNOWN,health,1
ILLMISC,CELLULIT,BLANK_UNKNOWN,health,2
ILLMISC,CHRNICBR,BLANK_UNKNOWN,health,1
ILLMISC,CLOST?,BLANK_UNKNOWN,health,1
ILLMISC,COLDHOSE,BLANK_UNKNOWN,health,3
ILLMISC,COLIC,BLANK_UNKNOWN,health,2
ILLMISC,CONT.MEL,BLANK_UNKNOWN,health,1
ILLMISC,CONT.OF,BLANK_UNKNOWN,health,30
ILLMISC,CONT.TX,BLANK_UNKNOWN,health,261
ILLMISC,CONTXNL,BLANK_UNKNOWN,health,2
ILLMISC,CSECTION,BLANK_UNKNOWN,health,1
ILLMISC,DEX,BLANK_UNKNOWN,health,4
ILLMISC,DEX10CC,BLANK_UNKNOWN,health,1
ILLMISC,DEXA,BLANK_UNKNOWN,health,4
ILLMISC,DEXAME,BLANK_UNKNOWN,health,1
ILLMISC,DEXAMETH,BLANK_UNKNOWN,health,2
ILLMISC,DEXBVIT,BLANK_UNKNOWN,health,4
ILLMISC,DEXVITB,BLANK_UNKNOWN,health,5
ILLMISC,DRENCH,BLANK_UNKNOWN,health,1
ILLMISC,DRENCHVB,BLANK_UNKNOWN,health,1
ILLMISC,ELYTES,BLANK_UNKNOWN,health,1
ILLMISC,EXCD/ORL,BLANK_UNKNOWN,health,1
ILLMISC,EXCEDE,BLANK_UNKNOWN,health,3
ILLMISC,EXCEDE20,BLANK_UNKNOWN,health,1
ILLMISC,EXCENEL,BLANK_UNKNOWN,health,2
ILLMISC,FLUSH,BLANK_UNKNOWN,health,1
ILLMISC,HEATSTRS,BLANK_UNKNOWN,health,1
ILLMISC,IBK.FLAP,BLANK_UNKNOWN,health,1
ILLMISC,IBK.O,BLANK_UNKNOWN,health,2
ILLMISC,IBK.O?,BLANK_UNKNOWN,health,93
ILLMISC,IBK.OD,BLANK_UNKNOWN,health,32
ILLMISC,IBK.OR,BLANK_UNKNOWN,health,1
ILLMISC,IBK.OS,BLANK_UNKNOWN,health,34
ILLMISC,IBK.OU,BLANK_UNKNOWN,health,16
ILLMISC,IBK.PF,BLANK_UNKNOWN,health,13
ILLMISC,IBK.PF R,BLANK_UNKNOWN,health,1
ILLMISC,IVF6L,BLANK_UNKNOWN,health,2
ILLMISC,JAWABS,BLANK_UNKNOWN,health,2
ILLMISC,JT.DRXN,BLANK_UNKNOWN,health,2
ILLMISC,JT.MELOX,BLANK_UNKNOWN,health,2
ILLMISC,JT.NFLR,BLANK_UNKNOWN,health,2
ILLMISC,JT.NUFLO,BLANK_UNKNOWN,health,2
ILLMISC,JT.NUFLR,BLANK_UNKNOWN,health,4
ILLMISC,JT.NXCL,BLANK_UNKNOWN,health,2
ILLMISC,JT.PFXMX,BLANK_UNKNOWN,health,2
ILLMISC,LANCE,BLANK_UNKNOWN,health,20
ILLMISC,LANCEMEL,BLANK_UNKNOWN,health,1
ILLMISC,LNC/NUFL,BLANK_UNKNOWN,health,2
ILLMISC,LNCENUFL,BLANK_UNKNOWN,health,2
ILLMISC,LOWCA/MG,BLANK_UNKNOWN,health,1
ILLMISC,MELOX,BLANK_UNKNOWN,health,115
ILLMISC,MELOX40T,BLANK_UNKNOWN,health,1
ILLMISC,MELOX5T,BLANK_UNKNOWN,health,2
ILLMISC,MONITOR,BLANK_UNKNOWN,health,3
ILLMISC,NFLR.MXC,BLANK_UNKNOWN,health,2
ILLMISC,NO TX,BLANK_UNKNOWN,health,2
ILLMISC,NOTREAT,BLANK_UNKNOWN,health,2
ILLMISC,NUFL.MEL,BLANK_UNKNOWN,health,4
ILLMISC,PF,BLANK_UNKNOWN,health,3
ILLMISC,PF3.25,BLANK_UNKNOWN,health,18
ILLMISC,PF3.36,BLANK_UNKNOWN,health,1
ILLMISC,PF5.25,BLANK_UNKNOWN,health,15
ILLMISC,PF5.29,BLANK_UNKNOWN,health,1
ILLMISC,PF5.MELO,BLANK_UNKNOWN,health,2
ILLMISC,PLFX.D7,BLANK_UNKNOWN,health,1
ILLMISC,PLYFLX,BLANK_UNKNOWN,health,1
ILLMISC,PLYFX,BLANK_UNKNOWN,health,1
ILLMISC,PNEU.XCD,BLANK_UNKNOWN,health,1
ILLMISC,PNEU.XD2,BLANK_UNKNOWN,health,1
ILLMISC,PREVAIL,BLANK_UNKNOWN,health,3
ILLMISC,RCARPNUF,BLANK_UNKNOWN,health,2
ILLMISC,RESOLVIN,BLANK_UNKNOWN,health,1
ILLMISC,RHORNINF,BLANK_UNKNOWN,health,2
ILLMISC,RIB INJ,BLANK_UNKNOWN,health,2
ILLMISC,RR NOTX,BLANK_UNKNOWN,health,1
ILLMISC,SUPPORT,BLANK_UNKNOWN,health,1
ILLMISC,TAIL,BLANK_UNKNOWN,health,1
ILLMISC,UDDER,BLANK_UNKNOWN,health,3
ILLMISC,UDDERROT,BLANK_UNKNOWN,health,2
ILLMISC,UDR ABSC,BLANK_UNKNOWN,health,1
ILLMISC,ULCER,BLANK_UNKNOWN,health,1
ILLMISC,UMB,BLANK_UNKNOWN,health,2
ILLMISC,UMB.NF6,BLANK_UNKNOWN,health,2
ILLMISC,UMB.NUFL,BLANK_UNKNOWN,health,6
ILLMISC,UMB.PF5,BLANK_UNKNOWN,health,40
ILLMISC,UMBNUFLR,BLANK_UNKNOWN,health,4
ILLMISC,VX RX,BLANK_UNKNOWN,health,1
INJURY,ABRASION,BLANK_UNKNOWN,health,1
INJURY,ALLYDOWN,BLANK_UNKNOWN,health,1
INJURY,BLANK_UNKNOWN,BLANK_UNKNOWN,health,1
INJURY,CALVING,BLANK_UNKNOWN,health,1
INJURY,CALVPAR,BLANK_UNKNOWN,health,1
INJURY,CMPK,BLANK_UNKNOWN,health,1
INJURY,EXCDD2,BLANK_UNKNOWN,health,2
INJURY,FALL.LH,BLANK_UNKNOWN,health,1
INJURY,FALL/LS,BLANK_UNKNOWN,health,1
INJURY,FBEYE,BLANK_UNKNOWN,health,1
INJURY,L SCUR,BLANK_UNKNOWN,health,1
INJURY,LACER,BLANK_UNKNOWN,health,1
INJURY,LFWOUND,BLANK_UNKNOWN,health,1
INJURY,MELOX,BLANK_UNKNOWN,health,2
INJURY,MOUTHLAC,BLANK_UNKNOWN,health,1
INJURY,PUNCTURE,BLANK_UNKNOWN,health,2
INJURY,RADNINJ,BLANK_UNKNOWN,health,1
INJURY,REYEWND,BLANK_UNKNOWN,health,1
INJURY,RF CUT,BLANK_UNKNOWN,health,2
INJURY,RFTETLAC,BLANK_UNKNOWN,health,1
INJURY,SKIN,BLANK_UNKNOWN,health,2
INJURY,SLIP,BLANK_UNKNOWN,health,1
INJURY,SLIPFALL,BLANK_UNKNOWN,health,1
INJURY,STALLINJ,BLANK_UNKNOWN,health,1
INJURY,TAIL,BLANK_UNKNOWN,health,1
INJURY,TEAT,BLANK_UNKNOWN,health,1
INJURY,UDDER,BLANK_UNKNOWN,health,1
INJURY,UDDRLACR,BLANK_UNKNOWN,health,1
KETOSIS,DXTBVIT,BLANK_UNKNOWN,health,39
KETOSIS,PG,BLANK_UNKNOWN,health,1
KETOSIS,PROPYLE,BLANK_UNKNOWN,health,1
KETOSIS,PRPLGLY,BLANK_UNKNOWN,health,1
LAME,ABSCESS,BLANK_UNKNOWN,health,2
LAME,BANAMINE,BLANK_UNKNOWN,health,1
LAME,BLANK_UNKNOWN,BLANK_UNKNOWN,health,2
LAME,BLKTLFII,BLANK_UNKNOWN,health,3
LAME,BLKTLHII,BLANK_UNKNOWN,health,10
LAME,BLKTRFII,BLANK_UNKNOWN,health,5
LAME,BLKTRHII,BLANK_UNKNOWN,health,3
LAME,BLKULF6,BLANK_UNKNOWN,health,1
LAME,BLKULFII,BLANK_UNKNOWN,health,2
LAME,BLKULHII,BLANK_UNKNOWN,health,5
LAME,BLKULHK,BLANK_UNKNOWN,health,2
LAME,BLKURFII,BLANK_UNKNOWN,health,2
LAME,BLKURFLO,BLANK_UNKNOWN,health,1
LAME,BLKURHII,BLANK_UNKNOWN,health,3
LAME,BLKURHRH,BLANK_UNKNOWN,health,1
LAME,BLKWLFII,BLANK_UNKNOWN,health,1
LAME,BLKWLHII,BLANK_UNKNOWN,health,3
LAME,BLKWRFII,BLANK_UNKNOWN,health,4
LAME,BLKWRH,BLANK_UNKNOWN,health,1
LAME,BLKWRHII,BLANK_UNKNOWN,health,4
LAME,BLOCKLAT,BLANK_UNKNOWN,health,1
LAME,CALFPARA,BLANK_UNKNOWN,health,1
LAME,CMPK.EXC,BLANK_UNKNOWN,health,1
LAME,CMPK.RF,BLANK_UNKNOWN,health,2
LAME,CMPK.XRF,BLANK_UNKNOWN,health,1
LAME,CMPK.XXX,BLANK_UNKNOWN,health,32
LAME,CONFORMA,BLANK_UNKNOWN,health,2
LAME,DEX,BLANK_UNKNOWN,health,1
LAME,DEX.EXC,BLANK_UNKNOWN,health,1
LAME,DEX/LS,BLANK_UNKNOWN,health,1
LAME,DEXAMETH,BLANK_UNKNOWN,health,2
LAME,DEXEXCNL,BLANK_UNKNOWN,health,1
LAME,DOWN,BLANK_UNKNOWN,health,2
LAME,EXCEDE,BLANK_UNKNOWN,health,1
LAME,FR LEG,BLANK_UNKNOWN,health,2
LAME,FRACTURE,BLANK_UNKNOWN,health,2
LAME,FRONT LG,BLANK_UNKNOWN,health,2
LAME,GABAMELO,BLANK_UNKNOWN,health,1
LAME,HEAL LAC,BLANK_UNKNOWN,health,2
LAME,HOCKBRUS,BLANK_UNKNOWN,health,1
LAME,HOCKINJ,BLANK_UNKNOWN,health,2
LAME,INF CORN,BLANK_UNKNOWN,health,1
LAME,INJ.RH,BLANK_UNKNOWN,health,1
LAME,JOINT,BLANK_UNKNOWN,health,1
LAME,KNUCKLIN,BLANK_UNKNOWN,health,2
LAME,KORN+ULC,BLANK_UNKNOWN,health,1
LAME,L HOCK,BLANK_UNKNOWN,health,1
LAME,LA200 RH,BLANK_UNKNOWN,health,1
LAME,LACRF,BLANK_UNKNOWN,health,1
LAME,LATDLFII,BLANK_UNKNOWN,health,1
LAME,LATDLHII,BLANK_UNKNOWN,health,1
LAME,LATDRFII,BLANK_UNKNOWN,health,1
LAME,LATDRHII,BLANK_UNKNOWN,health,1
LAME,LEG INJ,BLANK_UNKNOWN,health,1
LAME,LF KNEE,BLANK_UNKNOWN,health,2
LAME,LF KNEE?,BLANK_UNKNOWN,health,2
LAME,LF LIMB,BLANK_UNKNOWN,health,2
LAME,LF.MELOX,BLANK_UNKNOWN,health,1
LAME,LLFMELOX,BLANK_UNKNOWN,health,1
LAME,MEL/GABA,BLANK_UNKNOWN,health,1
LAME,MELORHII,BLANK_UNKNOWN,health,1
LAME,MELOX,BLANK_UNKNOWN,health,5
LAME,MELOX36,BLANK_UNKNOWN,health,1
LAME,MELOX47T,BLANK_UNKNOWN,health,1
LAME,MELOX6T,BLANK_UNKNOWN,health,2
LAME,MELOXRF,BLANK_UNKNOWN,health,2
LAME,MILDRECH,BLANK_UNKNOWN,health,1
LAME,MLXM42,BLANK_UNKNOWN,health,1
LAME,NEURO?,BLANK_UNKNOWN,health,1
LAME,NONEII,BLANK_UNKNOWN,health,6
LAME,NONZLHII,BLANK_UNKNOWN,health,1
LAME,NONZRHII,BLANK_UNKNOWN,health,1
LAME,NUFLOR,BLANK_UNKNOWN,health,6
LAME,PELVIC F,BLANK_UNKNOWN,health,1
LAME,POLLRHII,BLANK_UNKNOWN,health,2
LAME,PREVAIL,BLANK_UNKNOWN,health,1
LAME,R HIP,BLANK_UNKNOWN,health,1
LAME,R HOCK,BLANK_UNKNOWN,health,1
LAME,RADIAL,BLANK_UNKNOWN,health,1
LAME,RF,BLANK_UNKNOWN,health,2
LAME,RF DRAX,BLANK_UNKNOWN,health,2
LAME,RF SHOLD,BLANK_UNKNOWN,health,1
LAME,RH HOCK,BLANK_UNKNOWN,health,1
LAME,RH-DRAXX,BLANK_UNKNOWN,health,2
LAME,RH.LH,BLANK_UNKNOWN,health,1
LAME,SEPARTHR,BLANK_UNKNOWN,health,1
LAME,SEPHOCK,BLANK_UNKNOWN,health,2
LAME,SEPNUFLO,BLANK_UNKNOWN,health,2
LAME,SEPSTIFL,BLANK_UNKNOWN,health,2
LAME,SEPTICJT,BLANK_UNKNOWN,health,3
LAME,SLIPFALL,BLANK_UNKNOWN,health,1
LAME,SLRYHEEL,BLANK_UNKNOWN,health,1
LAME,SLURRYHL,BLANK_UNKNOWN,health,1
LAME,SPINAL,BLANK_UNKNOWN,health,1
LAME,SWELL RF,BLANK_UNKNOWN,health,1
LAME,TETWLHRH,BLANK_UNKNOWN,health,1
LAME,TETWR.LF,BLANK_UNKNOWN,health,4
LAME,TETWR.LH,BLANK_UNKNOWN,health,47
LAME,TETWR.RF,BLANK_UNKNOWN,health,9
LAME,TETWR.RH,BLANK_UNKNOWN,health,36
LAME,TETWRLHR,BLANK_UNKNOWN,health,1
LAME,THINSOLE,BLANK_UNKNOWN,health,1
LAME,TOE FRAC,BLANK_UNKNOWN,health,1
LAME,TRIMRH,BLANK_UNKNOWN,health,1
LAME,TRMALL4,BLANK_UNKNOWN,health,1
LAME,TRMO4X,BLANK_UNKNOWN,health,1
LAME,TRMOLFII,BLANK_UNKNOWN,health,2
LAME,TRMOLHII,BLANK_UNKNOWN,health,4
LAME,TRMORFII,BLANK_UNKNOWN,health,2
LAME,TRMORHII,BLANK_UNKNOWN,health,1
LAME,VETSLFJT,BLANK_UNKNOWN,health,2
LAME,VETSRFII,BLANK_UNKNOWN,health,4
LAME,XD20.LF,BLANK_UNKNOWN,health,9
LAME,XD20.LH,BLANK_UNKNOWN,health,54
LAME,XD20.RF,BLANK_UNKNOWN,health,8
LAME,XD20.RH,BLANK_UNKNOWN,health,43
LAME,XD21.LH,BLANK_UNKNOWN,health,1
LAME,XD24.RH,BLANK_UNKNOWN,health,2
LAME,XD25.LH,BLANK_UNKNOWN,health,1
LAME,XD26.L,BLANK_UNKNOWN,health,1
LAME,XNL.RH,BLANK_UNKNOWN,health,1
LAME,XNLD3,BLANK_UNKNOWN,health,1
LAME,XXXHRFII,BLANK_UNKNOWN,health,1
LAME,XXXKLHII,BLANK_UNKNOWN,health,2
LAME,XXXKRHII,BLANK_UNKNOWN,health,1
LAME,XXXLLFII,BLANK_UNKNOWN,health,4
LAME,XXXLLFXX,BLANK_UNKNOWN,health,1
LAME,XXXLLHII,BLANK_UNKNOWN,health,15
LAME,XXXLLHIN,BLANK_UNKNOWN,health,2
LAME,XXXLLHIS,BLANK_UNKNOWN,health,1
LAME,XXXLRF,BLANK_UNKNOWN,health,2
LAME,XXXLRFII,BLANK_UNKNOWN,health,7
LAME,XXXLRHCH,BLANK_UNKNOWN,health,1
LAME,XXXLRHII,BLANK_UNKNOWN,health,19
LAME,XXXLRHIN,BLANK_UNKNOWN,health,1
LAME,XXXOLFII,BLANK_UNKNOWN,health,1
LAME,XXXOLH,BLANK_UNKNOWN,health,1
LAME,XXXOLHII,BLANK_UNKNOWN,health,1
LAME,XXXOLHIN,BLANK_UNKNOWN,health,2
LAME,XXXOLHLO,BLANK_UNKNOWN,health,1
LAME,XXXORFII,BLANK_UNKNOWN,health,5
LAME,XXXORHII,BLANK_UNKNOWN,health,6
MAST,4 QTR MO,BLANK_UNKNOWN,health,1
MAST,ALL FOUR,BLANK_UNKNOWN,health,1
MAST,CULTULF1,BLANK_UNKNOWN,health,1
MAST,CULTURE,BLANK_UNKNOWN,health,2
MAST,EBF3.LF2,BLANK_UNKNOWN,health,51
MAST,EBF3.LH2,BLANK_UNKNOWN,health,88
MAST,EBF3.RF2,BLANK_UNKNOWN,health,69
MAST,EBF3.RH2,BLANK_UNKNOWN,health,88
MAST,EBF3LFLH,BLANK_UNKNOWN,health,1
MAST,EBF3LFRF,BLANK_UNKNOWN,health,1
MAST,EBF3LHRH,BLANK_UNKNOWN,health,3
MAST,EBF3RFLH,BLANK_UNKNOWN,health,2
MAST,EBF3RFRH,BLANK_UNKNOWN,health,1
MAST,EBF3RHLH,BLANK_UNKNOWN,health,2
MAST,EBF5.LF3,BLANK_UNKNOWN,health,8
MAST,EBF5.LH3,BLANK_UNKNOWN,health,5
MAST,EBF5.RF3,BLANK_UNKNOWN,health,5
MAST,EBF5.RH3,BLANK_UNKNOWN,health,13
MAST,EBFLFLH,BLANK_UNKNOWN,health,1
MAST,LAB/RH,BLANK_UNKNOWN,health,1
MAST,LF/RF,BLANK_UNKNOWN,health,1
MAST,MILD.LF,BLANK_UNKNOWN,health,349
MAST,MILD.LF1,BLANK_UNKNOWN,health,15
MAST,MILD.LH,BLANK_UNKNOWN,health,378
MAST,MILD.LH1,BLANK_UNKNOWN,health,15
MAST,MILD.LRF,BLANK_UNKNOWN,health,1
MAST,MILD.RF,BLANK_UNKNOWN,health,396
MAST,MILD.RF1,BLANK_UNKNOWN,health,25
MAST,MILD.RH,BLANK_UNKNOWN,health,398
MAST,MILD.RH1,BLANK_UNKNOWN,health,26
MAST,MILDALL4,BLANK_UNKNOWN,health,1
MAST,MILDLFLH,BLANK_UNKNOWN,health,6
MAST,MILDLFRF,BLANK_UNKNOWN,health,1
MAST,MILDLHLF,BLANK_UNKNOWN,health,2
MAST,MILDLHRF,BLANK_UNKNOWN,health,1
MAST,MILDLHRH,BLANK_UNKNOWN,health,10
MAST,MILDRFLF,BLANK_UNKNOWN,health,2
MAST,MILDRFRH,BLANK_UNKNOWN,health,3
MAST,MILDRHLF,BLANK_UNKNOWN,health,2
MAST,MILDRHLH,BLANK_UNKNOWN,health,4
MAST,MILRFRLH,BLANK_UNKNOWN,health,1
MAST,MLD.LFLH,BLANK_UNKNOWN,health,1
MAST,MLD.LHRF,BLANK_UNKNOWN,health,1
MAST,MLD.RHRF,BLANK_UNKNOWN,health,1
MAST,MLRHLHRF,BLANK_UNKNOWN,health,1
MAST,MOD.RF,BLANK_UNKNOWN,health,1
MAST,N.LF,BLANK_UNKNOWN,health,1
MAST,NORFLF.,BLANK_UNKNOWN,health,1
MAST,NOTLFRF,BLANK_UNKNOWN,health,1
MAST,NOTR.,BLANK_UNKNOWN,health,4
MAST,NOTREAT,BLANK_UNKNOWN,health,1
MAST,NOTRLF.,BLANK_UNKNOWN,health,16
MAST,NOTRLFRF,BLANK_UNKNOWN,health,2
MAST,NOTRLH.,BLANK_UNKNOWN,health,45
MAST,NOTRLHLF,BLANK_UNKNOWN,health,1
MAST,NOTRRF.,BLANK_UNKNOWN,health,23
MAST,NOTRRFLH,BLANK_UNKNOWN,health,1
MAST,NOTRRH.,BLANK_UNKNOWN,health,39
MAST,S.LF,BLANK_UNKNOWN,health,1
MAST,S.RF,BLANK_UNKNOWN,health,1
MAST,SCLHLFRF,BLANK_UNKNOWN,health,1
MEASURE,01013/53,BLANK_UNKNOWN,measure,2
MEASURE,01030/53,BLANK_UNKNOWN,measure,2
MEASURE,230/39,BLANK_UNKNOWN,measure,2
MEASURE,248/39,BLANK_UNKNOWN,measure,2
MEASURE,265/39,BLANK_UNKNOWN,measure,2
MEASURE,320/40,BLANK_UNKNOWN,measure,2
MEASURE,320/42,BLANK_UNKNOWN,measure,2
MEASURE,327/41,BLANK_UNKNOWN,measure,2
MEASURE,334/40,BLANK_UNKNOWN,measure,2
MEASURE,334/41,BLANK_UNKNOWN,measure,2
MEASURE,344/41,BLANK_UNKNOWN,measure,2
MEASURE,358/41,BLANK_UNKNOWN,measure,2
MEASURE,359/41,BLANK_UNKNOWN,measure,2
MEASURE,360/41,BLANK_UNKNOWN,measure,2
MEASURE,372/43,BLANK_UNKNOWN,measure,2
MEASURE,377/41,BLANK_UNKNOWN,measure,2
MEASURE,395/42,BLANK_UNKNOWN,measure,2
MEASURE,400/42,BLANK_UNKNOWN,measure,2
MEASURE,401/42,BLANK_UNKNOWN,measure,2
MEASURE,405/42,BLANK_UNKNOWN,measure,2
MEASURE,407/43,BLANK_UNKNOWN,measure,2
MEASURE,410/42,BLANK_UNKNOWN,measure,2
MEASURE,412/40,BLANK_UNKNOWN,measure,2
MEASURE,415/42,BLANK_UNKNOWN,measure,4
MEASURE,430/42,BLANK_UNKNOWN,measure,4
MEASURE,450/42,BLANK_UNKNOWN,measure,2
MEASURE,450/44,BLANK_UNKNOWN,measure,2
MEASURE,451/43,BLANK_UNKNOWN,measure,2
MEASURE,457/42,BLANK_UNKNOWN,measure,2
MEASURE,460/42,BLANK_UNKNOWN,measure,2
MEASURE,466/42,BLANK_UNKNOWN,measure,2
MEASURE,468/44,BLANK_UNKNOWN,measure,2
MEASURE,471/44,BLANK_UNKNOWN,measure,2
MEASURE,475/43,BLANK_UNKNOWN,measure,2
MEASURE,479/44,BLANK_UNKNOWN,measure,2
MEASURE,483/43,BLANK_UNKNOWN,measure,2
MEASURE,488/43,BLANK_UNKNOWN,measure,2
MEASURE,495/44,BLANK_UNKNOWN,measure,2
MEASURE,498/42,BLANK_UNKNOWN,measure,2
MEASURE,500/43,BLANK_UNKNOWN,measure,2
MEASURE,500/44,BLANK_UNKNOWN,measure,2
MEASURE,512/46,BLANK_UNKNOWN,measure,2
MEASURE,522/44,BLANK_UNKNOWN,measure,2
MEASURE,522/45,BLANK_UNKNOWN,measure,2
MEASURE,544/45,BLANK_UNKNOWN,measure,2
MEASURE,548/45,BLANK_UNKNOWN,measure,2
MEASURE,556/46,BLANK_UNKNOWN,measure,2
MEASURE,568/45,BLANK_UNKNOWN,measure,2
MEASURE,602/46,BLANK_UNKNOWN,measure,2
MEASURE,610/45,BLANK_UNKNOWN,measure,2
MEASURE,615/45,BLANK_UNKNOWN,measure,2
MEASURE,620/47,BLANK_UNKNOWN,measure,2
MEASURE,644/45,BLANK_UNKNOWN,measure,2
MEASURE,668/46,BLANK_UNKNOWN,measure,2
MEASURE,738/49,BLANK_UNKNOWN,measure,2
MEASURE,796/49,BLANK_UNKNOWN,measure,2
MEASURE,813/52,BLANK_UNKNOWN,measure,2
MEASURE,829/50,BLANK_UNKNOWN,measure,2
MEASURE,844/51,BLANK_UNKNOWN,measure,2
MEASURE,855/51,BLANK_UNKNOWN,measure,2
MEASURE,863/50,BLANK_UNKNOWN,measure,2
MEASURE,868/52,BLANK_UNKNOWN,measure,2
MEASURE,870/51,BLANK_UNKNOWN,measure,2
MEASURE,870/52,BLANK_UNKNOWN,measure,2
MEASURE,873/52,BLANK_UNKNOWN,measure,2
MEASURE,880/52,BLANK_UNKNOWN,measure,2
MEASURE,897/52,BLANK_UNKNOWN,measure,2
MEASURE,902/52,BLANK_UNKNOWN,measure,2
MEASURE,910/51,BLANK_UNKNOWN,measure,2
MEASURE,920/52,BLANK_UNKNOWN,measure,2
MEASURE,950/51,BLANK_UNKNOWN,measure,2
MEASURE,954/51,BLANK_UNKNOWN,measure,2
MEASURE,972/52,BLANK_UNKNOWN,measure,2
MEASURE,993/53,BLANK_UNKNOWN,measure,2
METR,PF5.25,BLANK_UNKNOWN,health,71
METR,PF5.28,BLANK_UNKNOWN,health,2
METR,PF5.32,BLANK_UNKNOWN,health,1
METR,PFB5.25,LA200.IV,health,4
METR,XD2.15,BLANK_UNKNOWN,health,1
METR,XD2.16,BLANK_UNKNOWN,health,1
METR,XD2.18.L,BLANK_UNKNOWN,health,1
METR,XD2.20,BLANK_UNKNOWN,health,1
METR,XD2.20.?,BLANK_UNKNOWN,health,103
METR,XD2.20.L,BLANK_UNKNOWN,health,3
METR,XD2.20.R,BLANK_UNKNOWN,health,3
METR,XD2.20.S,BLANK_UNKNOWN,health,1
METR,XD2.21.L,BLANK_UNKNOWN,health,3
MF,MF.CLINC,BLANK_UNKNOWN,health,22
MF,MF.SC,BLANK_UNKNOWN,health,2
MOVE,F000T005,BLANK_UNKNOWN,management,1
MOVE,F000T083,BLANK_UNKNOWN,management,2
MOVE,F000T084,BLANK_UNKNOWN,management,2
MOVE,F001T002,BLANK_UNKNOWN,management,2
MOVE,F001T005,BLANK_UNKNOWN,management,4
MOVE,F001T006,BLANK_UNKNOWN,management,27
MOVE,F001T007,BLANK_UNKNOWN,management,129
MOVE,F001T009,BLANK_UNKNOWN,management,9
MOVE,F001T010,BLANK_UNKNOWN,management,11
MOVE,F001T011,BLANK_UNKNOWN,management,101
MOVE,F001T012,BLANK_UNKNOWN,management,10
MOVE,F001T090,BLANK_UNKNOWN,management,6
MOVE,F002T001,BLANK_UNKNOWN,management,151
MOVE,F002T004,BLANK_UNKNOWN,management,47
MOVE,F002T005,BLANK_UNKNOWN,management,124
MOVE,F002T006,BLANK_UNKNOWN,management,20
MOVE,F002T007,BLANK_UNKNOWN,management,79
MOVE,F002T008,BLANK_UNKNOWN,management,80
MOVE,F002T009,BLANK_UNKNOWN,management,16
MOVE,F002T010,BLANK_UNKNOWN,management,34
MOVE,F002T011,BLANK_UNKNOWN,management,2
MOVE,F002T013,BLANK_UNKNOWN,management,9
MOVE,F002T090,BLANK_UNKNOWN,management,2
MOVE,F003T005,BLANK_UNKNOWN,management,2
MOVE,F003T006,BLANK_UNKNOWN,management,1
MOVE,F003T008,BLANK_UNKNOWN,management,1
MOVE,F003T009,BLANK_UNKNOWN,management,1
MOVE,F003T011,BLANK_UNKNOWN,management,3
MOVE,F003T012,BLANK_UNKNOWN,management,1
MOVE,F004T000,BLANK_UNKNOWN,management,1
MOVE,F004T001,BLANK_UNKNOWN,management,34
MOVE,F004T002,BLANK_UNKNOWN,management,43
MOVE,F004T003,BLANK_UNKNOWN,management,8
MOVE,F004T005,BLANK_UNKNOWN,management,31
MOVE,F004T006,BLANK_UNKNOWN,management,29
MOVE,F004T007,BLANK_UNKNOWN,management,28
MOVE,F004T008,BLANK_UNKNOWN,management,3
MOVE,F004T009,BLANK_UNKNOWN,management,6
MOVE,F004T010,BLANK_UNKNOWN,management,2
MOVE,F004T011,BLANK_UNKNOWN,management,30
MOVE,F004T012,BLANK_UNKNOWN,management,18
MOVE,F004T013,BLANK_UNKNOWN,management,1
MOVE,F005T000,BLANK_UNKNOWN,management,1
MOVE,F005T001,BLANK_UNKNOWN,management,2
MOVE,F005T004,BLANK_UNKNOWN,management,2
MOVE,F005T006,BLANK_UNKNOWN,management,54
MOVE,F005T007,BLANK_UNKNOWN,management,105
MOVE,F005T008,BLANK_UNKNOWN,management,67
MOVE,F005T009,BLANK_UNKNOWN,management,53
MOVE,F005T010,BLANK_UNKNOWN,management,37
MOVE,F005T011,BLANK_UNKNOWN,management,51
MOVE,F005T012,BLANK_UNKNOWN,management,14
MOVE,F005T090,BLANK_UNKNOWN,management,7
MOVE,F006T005,BLANK_UNKNOWN,management,41
MOVE,F006T007,BLANK_UNKNOWN,management,17
MOVE,F006T008,BLANK_UNKNOWN,management,6
MOVE,F006T009,BLANK_UNKNOWN,management,28
MOVE,F006T010,BLANK_UNKNOWN,management,10
MOVE,F006T011,BLANK_UNKNOWN,management,32
MOVE,F006T012,BLANK_UNKNOWN,management,29
MOVE,F006T013,BLANK_UNKNOWN,management,1
MOVE,F006T090,BLANK_UNKNOWN,management,2
MOVE,F007T001,BLANK_UNKNOWN,management,117
MOVE,F007T002,BLANK_UNKNOWN,management,3
MOVE,F007T005,BLANK_UNKNOWN,management,72
MOVE,F007T006,BLANK_UNKNOWN,management,31
MOVE,F007T008,BLANK_UNKNOWN,management,3
MOVE,F007T009,BLANK_UNKNOWN,management,58
MOVE,F007T010,BLANK_UNKNOWN,management,14
MOVE,F007T011,BLANK_UNKNOWN,management,35
MOVE,F007T012,BLANK_UNKNOWN,management,5
MOVE,F008T001,BLANK_UNKNOWN,management,15
MOVE,F008T002,BLANK_UNKNOWN,management,1
MOVE,F008T005,BLANK_UNKNOWN,management,79
MOVE,F008T006,BLANK_UNKNOWN,management,12
MOVE,F008T007,BLANK_UNKNOWN,management,5
MOVE,F008T009,BLANK_UNKNOWN,management,1
MOVE,F008T010,BLANK_UNKNOWN,management,11
MOVE,F008T011,BLANK_UNKNOWN,management,26
MOVE,F008T012,BLANK_UNKNOWN,management,13
MOVE,F008T013,BLANK_UNKNOWN,management,5
MOVE,F009T002,BLANK_UNKNOWN,management,1
MOVE,F009T005,BLANK_UNKNOWN,management,14
MOVE,F009T006,BLANK_UNKNOWN,management,3
MOVE,F009T007,BLANK_UNKNOWN,management,2
MOVE,F009T008,BLANK_UNKNOWN,management,39
MOVE,F009T010,BLANK_UNKNOWN,management,5
MOVE,F009T011,BLANK_UNKNOWN,management,33
MOVE,F009T012,BLANK_UNKNOWN,management,39
MOVE,F009T013,BLANK_UNKNOWN,management,5
MOVE,F009T090,BLANK_UNKNOWN,management,74
MOVE,F010T001,BLANK_UNKNOWN,management,77
MOVE,F010T002,BLANK_UNKNOWN,management,89
MOVE,F010T003,BLANK_UNKNOWN,management,2
MOVE,F010T004,BLANK_UNKNOWN,management,28
MOVE,F010T005,BLANK_UNKNOWN,management,237
MOVE,F010T006,BLANK_UNKNOWN,management,110
MOVE,F010T007,BLANK_UNKNOWN,management,90
MOVE,F010T008,BLANK_UNKNOWN,management,57
MOVE,F010T009,BLANK_UNKNOWN,management,80
MOVE,F010T011,BLANK_UNKNOWN,management,121
MOVE,F010T012,BLANK_UNKNOWN,management,47
MOVE,F010T013,BLANK_UNKNOWN,management,13
MOVE,F010T060,BLANK_UNKNOWN,management,2
MOVE,F010T090,BLANK_UNKNOWN,management,2
MOVE,F010T099,BLANK_UNKNOWN,management,1
MOVE,F011T000,BLANK_UNKNOWN,management,2
MOVE,F011T005,BLANK_UNKNOWN,management,1
MOVE,F011T007,BLANK_UNKNOWN,management,3
MOVE,F011T009,BLANK_UNKNOWN,management,1
MOVE,F011T010,BLANK_UNKNOWN,management,25
MOVE,F011T012,BLANK_UNKNOWN,management,96
MOVE,F011T013,BLANK_UNKNOWN,management,2
MOVE,F011T099,BLANK_UNKNOWN,management,1
MOVE,F012T011,BLANK_UNKNOWN,management,18
MOVE,F012T013,BLANK_UNKNOWN,management,1
MOVE,F013T001,BLANK_UNKNOWN,management,1
MOVE,F013T002,BLANK_UNKNOWN,management,11
MOVE,F013T004,BLANK_UNKNOWN,management,1
MOVE,F013T005,BLANK_UNKNOWN,management,2
MOVE,F013T006,BLANK_UNKNOWN,management,1
MOVE,F013T008,BLANK_UNKNOWN,management,4
MOVE,F013T009,BLANK_UNKNOWN,management,1
MOVE,F013T010,BLANK_UNKNOWN,management,7
MOVE,F013T012,BLANK_UNKNOWN,management,3
MOVE,F060T002,BLANK_UNKNOWN,management,3
MOVE,F060T004,BLANK_UNKNOWN,management,1
MOVE,F060T005,BLANK_UNKNOWN,management,1
MOVE,F060T008,BLANK_UNKNOWN,management,2
MOVE,F060T010,BLANK_UNKNOWN,management,1
MOVE,F060T011,BLANK_UNKNOWN,management,1
MOVE,F061T000,BLANK_UNKNOWN,management,2
MOVE,F061T071,BLANK_UNKNOWN,management,36
MOVE,F061T083,BLANK_UNKNOWN,management,24
MOVE,F061T084,BLANK_UNKNOWN,management,62
MOVE,F062T084,BLANK_UNKNOWN,management,55
MOVE,F071T084,BLANK_UNKNOWN,management,4
MOVE,F083T021,BLANK_UNKNOWN,management,14
MOVE,F084T071,BLANK_UNKNOWN,management,4
MOVE,F090T001,BLANK_UNKNOWN,management,7
MOVE,F090T005,BLANK_UNKNOWN,management,57
MOVE,F090T006,BLANK_UNKNOWN,management,8
MOVE,F090T008,BLANK_UNKNOWN,management,3
MOVE,F090T009,BLANK_UNKNOWN,management,1
MOVE,F090T010,BLANK_UNKNOWN,management,21
MOVE,F099T010,BLANK_UNKNOWN,management,1
MOVE,F099T013,BLANK_UNKNOWN,management,1
MOVE,F100T002,BLANK_UNKNOWN,management,2
MOVE,F100T102,BLANK_UNKNOWN,management,268
MOVE,F101T061,BLANK_UNKNOWN,management,146
MOVE,F101T062,BLANK_UNKNOWN,management,72
MOVE,F101T084,BLANK_UNKNOWN,management,18
MOVE,F102T101,BLANK_UNKNOWN,management,184
MOVE,MILD.RH1,BLANK_UNKNOWN,management,1
MOVE,RANGA,BLANK_UNKNOWN,management,11
OK,207 DAYS,BLANK_UNKNOWN,repro,18
OK,208 DAYS,BLANK_UNKNOWN,repro,1
OK,74 DAYS,BLANK_UNKNOWN,repro,41
OK,BLANK_UNKNOWN,BLANK_UNKNOWN,repro,1
OPEN,-,BLANK_UNKNOWN,repro,116
OPEN,BLANK_UNKNOWN,BLANK_UNKNOWN,repro,1511
OPEN,CIDR,BLANK_UNKNOWN,repro,4
OPEN,CIDRIN,BLANK_UNKNOWN,repro,84
OPEN,CULL,BLANK_UNKNOWN,repro,6
OPEN,LUT,BLANK_UNKNOWN,repro,2
OPEN,LUT2,BLANK_UNKNOWN,repro,234
OTHER,3TEAT?RR,BLANK_UNKNOWN,health,1
OTHER,ABBLOAT,BLANK_UNKNOWN,health,4
OTHER,ABOBLOAT,BLANK_UNKNOWN,health,2
OTHER,BLOAT,BLANK_UNKNOWN,health,4
OTHER,BLVMEDMA,BLANK_UNKNOWN,health,1
OTHER,CANNULA,BLANK_UNKNOWN,health,1
OTHER,CANSX,BLANK_UNKNOWN,health,1
OTHER,CHRONIC,BLANK_UNKNOWN,health,2
OTHER,CONTXCNL,BLANK_UNKNOWN,health,2
OTHER,DEHORN,BLANK_UNKNOWN,health,1
OTHER,EARDRXN,BLANK_UNKNOWN,health,2
OTHER,EARTGINF,BLANK_UNKNOWN,health,2
OTHER,ENUC,BLANK_UNKNOWN,health,2
OTHER,EYELID L,BLANK_UNKNOWN,health,1
OTHER,FROSTBIT,BLANK_UNKNOWN,health,2
OTHER,GUTDYSBI,BLANK_UNKNOWN,health,2
OTHER,HBS??,BLANK_UNKNOWN,health,1
OTHER,HEADTILT,BLANK_UNKNOWN,health,2
OTHER,HYPOMAGN,BLANK_UNKNOWN,health,1
OTHER,INDIGEST,BLANK_UNKNOWN,health,1
OTHER,LH LEG,BLANK_UNKNOWN,health,1
OTHER,LMPONJAW,BLANK_UNKNOWN,health,2
OTHER,MELOX,BLANK_UNKNOWN,health,2
OTHER,NEURO,BLANK_UNKNOWN,health,1
OTHER,PERITONI,BLANK_UNKNOWN,health,1
OTHER,REACTLNN,BLANK_UNKNOWN,health,2
OTHER,RFQTRABS,BLANK_UNKNOWN,health,1
OTHER,SEPSIS,BLANK_UNKNOWN,health,4
OTHER,SOLDTODL,BLANK_UNKNOWN,health,2
OTHER,SXREMOVA,BLANK_UNKNOWN,health,1
OTHER,SXSITE,BLANK_UNKNOWN,health,4
OTHER,TAGINFXN,BLANK_UNKNOWN,health,4
OTHER,UDDERROT,BLANK_UNKNOWN,health,1
OTHER,UDDRSORE,BLANK_UNKNOWN,health,1
OTHER,UNKNOWN,BLANK_UNKNOWN,health,1
PNEU,BAYTR,BLANK_UNKNOWN,health,2
PNEU,BAYTRIL,BLANK_UNKNOWN,health,2
PNEU,CHRONIC,BLANK_UNKNOWN,health,4
PNEU,CHRONIC,POLYFLEX.IM,health,1
PNEU,DEX,POLYFLEX.IM,health,1
PNEU,DEX-NOTR,POLYFLEX.IM,health,1
PNEU,DRAX,BLANK_UNKNOWN,health,176
PNEU,DRAXN1.4,BLANK_UNKNOWN,health,2
PNEU,DRAXX1.1,BLANK_UNKNOWN,health,2
PNEU,DRAXXIN,BLANK_UNKNOWN,health,78
PNEU,DRAXXN,BLANK_UNKNOWN,health,784
PNEU,DRAXXN.2,BLANK_UNKNOWN,health,2
PNEU,DRAXXN4,BLANK_UNKNOWN,health,2
PNEU,DRXN.BAN,BLANK_UNKNOWN,health,6
PNEU,DRXN.FLX,BLANK_UNKNOWN,health,4
PNEU,DRXN.FNX,BLANK_UNKNOWN,health,2
PNEU,DRXN.MXC,BLANK_UNKNOWN,health,700
PNEU,DRXN.PRV,BLANK_UNKNOWN,health,2
PNEU,EUTH,BLANK_UNKNOWN,health,2
PNEU,EXCX3D,POLYFLEX.IM,health,1
PNEU,LAST DS,BLANK_UNKNOWN,health,2
PNEU,MELOXCHR,BLANK_UNKNOWN,health,2
PNEU,MXC,BLANK_UNKNOWN,health,6
PNEU,NUF+DEX,BLANK_UNKNOWN,health,2
PNEU,NUF.DEX,BLANK_UNKNOWN,health,2
PNEU,NUFL,BLANK_UNKNOWN,health,2
PNEU,NUFL.FNX,BLANK_UNKNOWN,health,4
PNEU,NUFL.FXN,BLANK_UNKNOWN,health,2
PNEU,NUFL.MXC,BLANK_UNKNOWN,health,406
PNEU,NUFLOR,BLANK_UNKNOWN,health,514
PNEU,NUFLOR5,BLANK_UNKNOWN,health,2
PNEU,NUFLOR9,BLANK_UNKNOWN,health,2
PNEU,OTITIS.L,BLANK_UNKNOWN,health,2
PNEU,REDOSE,BLANK_UNKNOWN,health,2
PNEU,XCNL,POLYFLEX.IM,health,2
PNEU,XD1.12,POLYFLEX.IM,health,2
PNEU,XD1.13L,POLYFLEX.IM,health,1
PNEU,XD1.15,POLYFLEX.IM,health,1
PNEU,XD1.17,POLYFLEX.IM,health,1
PNEU,XD1.17R,POLYFLEX.IM,health,1
PNEU,XD1.19RE,POLYFLEX.IM,health,1
PNEU,XD1.20,POLYFLEX.IM,health,107
PNEU,XD1.20.L,POLYFLEX.IM,health,6
PNEU,XD1.20.R,POLYFLEX.IM,health,2
PNEU,XD1.20L,POLYFLEX.IM,health,9
PNEU,XD1.20LE,POLYFLEX.IM,health,1
PNEU,XD1.20R,POLYFLEX.IM,health,6
PNEU,XD1.22,POLYFLEX.IM,health,2
PNEU,XD1.22L,POLYFLEX.IM,health,1
PNEU,XD1.22LE,POLYFLEX.IM,health,1
PNEU,XD1.23L,POLYFLEX.IM,health,1
PNEU,XD1.24,POLYFLEX.IM,health,1
PNEU,XD1.24AD,POLYFLEX.IM,health,1
PNEU,XD1.25R,POLYFLEX.IM,health,1
PNEU,XD1.L,POLYFLEX.IM,health,2
PNEU,XD2.22,POLYFLEX.IM,health,1
PNEU,XD2.22.L,POLYFLEX.IM,health,1
PNEU,XD2.26R,POLYFLEX.IM,health,1
PNEU,XNL7.30,POLYFLEX.IM,health,1
PREBRED,3,BLANK_UNKNOWN,unknown,2
PREBRED,7,BLANK_UNKNOWN,unknown,2
PREBRED,BLANK_UNKNOWN,BLANK_UNKNOWN,unknown,1390
PREFRSH,PF1,BLANK_UNKNOWN,unknown,470
PREG,114 DAYS,BLANK_UNKNOWN,repro,1
PREG,116 DAYS,BLANK_UNKNOWN,repro,1
PREG,121 DAYS,BLANK_UNKNOWN,repro,4
PREG,123 DAYS,BLANK_UNKNOWN,repro,4
PREG,125 DAYS,BLANK_UNKNOWN,repro,6
PREG,127 DAYS,BLANK_UNKNOWN,repro,2
PREG,130 DAYS,BLANK_UNKNOWN,repro,2
PREG,135 DAYS,BLANK_UNKNOWN,repro,4
PREG,137 DAYS,BLANK_UNKNOWN,repro,2
PREG,138 DAYS,BLANK_UNKNOWN,repro,6
PREG,141 DAYS,BLANK_UNKNOWN,repro,2
PREG,144 DAYS,BLANK_UNKNOWN,repro,2
PREG,145 DAYS,BLANK_UNKNOWN,repro,2
PREG,146 DAYS,BLANK_UNKNOWN,repro,10
PREG,149 DAYS,BLANK_UNKNOWN,repro,2
PREG,150 DAYS,BLANK_UNKNOWN,repro,2
PREG,152 DAYS,BLANK_UNKNOWN,repro,6
PREG,154 DAYS,BLANK_UNKNOWN,repro,8
PREG,155 DAYS,BLANK_UNKNOWN,repro,2
PREG,156 DAYS,BLANK_UNKNOWN,repro,6
PREG,157 DAYS,BLANK_UNKNOWN,repro,6
PREG,159 DAYS,BLANK_UNKNOWN,repro,4
PREG,16 DAYS,BLANK_UNKNOWN,repro,2
PREG,160 DAYS,BLANK_UNKNOWN,repro,6
PREG,161 DAYS,BLANK_UNKNOWN,repro,6
PREG,162 DAYS,BLANK_UNKNOWN,repro,4
PREG,163 DAYS,BLANK_UNKNOWN,repro,10
PREG,164 DAYS,BLANK_UNKNOWN,repro,12
PREG,165 DAYS,BLANK_UNKNOWN,repro,2
PREG,166 DAYS,BLANK_UNKNOWN,repro,8
PREG,167 DAYS,BLANK_UNKNOWN,repro,10
PREG,168 DAYS,BLANK_UNKNOWN,repro,8
PREG,169 DAYS,BLANK_UNKNOWN,repro,8
PREG,170 DAYS,BLANK_UNKNOWN,repro,8
PREG,172 DAYS,BLANK_UNKNOWN,repro,8
PREG,173 DAYS,BLANK_UNKNOWN,repro,4
PREG,174 DAYS,BLANK_UNKNOWN,repro,12
PREG,175 DAYS,BLANK_UNKNOWN,repro,4
PREG,176 DAYS,BLANK_UNKNOWN,repro,4
PREG,177 DAYS,BLANK_UNKNOWN,repro,8
PREG,178 DAYS,BLANK_UNKNOWN,repro,6
PREG,179 DAYS,BLANK_UNKNOWN,repro,53
PREG,180 DAYS,BLANK_UNKNOWN,repro,6
PREG,181 DAYS,BLANK_UNKNOWN,repro,8
PREG,182 DAYS,BLANK_UNKNOWN,repro,8
PREG,183 DAYS,BLANK_UNKNOWN,repro,6
PREG,184 DAYS,BLANK_UNKNOWN,repro,6
PREG,185 DAYS,BLANK_UNKNOWN,repro,2
PREG,186 DAYS,BLANK_UNKNOWN,repro,8
PREG,187 DAYS,BLANK_UNKNOWN,repro,4
PREG,188 DAYS,BLANK_UNKNOWN,repro,86
PREG,189 DAYS,BLANK_UNKNOWN,repro,2
PREG,190 DAYS,BLANK_UNKNOWN,repro,4
PREG,191 DAYS,BLANK_UNKNOWN,repro,6
PREG,192 DAYS,BLANK_UNKNOWN,repro,2
PREG,193 DAYS,BLANK_UNKNOWN,repro,8
PREG,194 DAYS,BLANK_UNKNOWN,repro,8
PREG,195 DAYS,BLANK_UNKNOWN,repro,28
PREG,196 DAYS,BLANK_UNKNOWN,repro,4
PREG,198 DAYS,BLANK_UNKNOWN,repro,6
PREG,199 DAYS,BLANK_UNKNOWN,repro,10
PREG,200 DAYS,BLANK_UNKNOWN,repro,6
PREG,201 DAYS,BLANK_UNKNOWN,repro,8
PREG,202 DAYS,BLANK_UNKNOWN,repro,22
PREG,203 DAYS,BLANK_UNKNOWN,repro,25
PREG,204 DAYS,BLANK_UNKNOWN,repro,8
PREG,205 DAYS,BLANK_UNKNOWN,repro,4
PREG,206 DAYS,BLANK_UNKNOWN,repro,12
PREG,207 DAYS,BLANK_UNKNOWN,repro,275
PREG,208 DAYS,BLANK_UNKNOWN,repro,14
PREG,209 DAYS,BLANK_UNKNOWN,repro,147
PREG,210 DAYS,BLANK_UNKNOWN,repro,3
PREG,211 DAYS,BLANK_UNKNOWN,repro,12
PREG,212 DAYS,BLANK_UNKNOWN,repro,6
PREG,213 DAYS,BLANK_UNKNOWN,repro,35
PREG,214 DAYS,BLANK_UNKNOWN,repro,2
PREG,215 DAYS,BLANK_UNKNOWN,repro,97
PREG,216 DAYS,BLANK_UNKNOWN,repro,10
PREG,217 DAYS,BLANK_UNKNOWN,repro,56
PREG,218 DAYS,BLANK_UNKNOWN,repro,6
PREG,219 DAYS,BLANK_UNKNOWN,repro,2
PREG,220 DAYS,BLANK_UNKNOWN,repro,12
PREG,221 DAYS,BLANK_UNKNOWN,repro,2
PREG,222 DAYS,BLANK_UNKNOWN,repro,16
PREG,223 DAYS,BLANK_UNKNOWN,repro,14
PREG,225 DAYS,BLANK_UNKNOWN,repro,4
PREG,227 DAYS,BLANK_UNKNOWN,repro,2
PREG,228 DAYS,BLANK_UNKNOWN,repro,2
PREG,229 DAYS,BLANK_UNKNOWN,repro,6
PREG,230 DAYS,BLANK_UNKNOWN,repro,4
PREG,27 DAYS,BLANK_UNKNOWN,repro,6
PREG,28 DAYS,BLANK_UNKNOWN,repro,52
PREG,29 DAYS,BLANK_UNKNOWN,repro,104
PREG,30 DAYS,BLANK_UNKNOWN,repro,142
PREG,31 DAYS,BLANK_UNKNOWN,repro,138
PREG,32 DAYS,BLANK_UNKNOWN,repro,373
PREG,33 DAYS,BLANK_UNKNOWN,repro,251
PREG,34 DAYS,BLANK_UNKNOWN,repro,246
PREG,35 DAYS,BLANK_UNKNOWN,repro,148
PREG,36 DAYS,BLANK_UNKNOWN,repro,71
PREG,37 DAYS,BLANK_UNKNOWN,repro,26
PREG,38 DAYS,BLANK_UNKNOWN,repro,79
PREG,39 DAYS,BLANK_UNKNOWN,repro,580
PREG,40 DAYS,BLANK_UNKNOWN,repro,32
PREG,41 DAYS,BLANK_UNKNOWN,repro,25
PREG,42 DAYS,BLANK_UNKNOWN,repro,20
PREG,43 DAYS,BLANK_UNKNOWN,repro,9
PREG,44 DAYS,BLANK_UNKNOWN,repro,4
PREG,45 DAYS,BLANK_UNKNOWN,repro,70
PREG,47 DAYS,BLANK_UNKNOWN,repro,2
PREG,48 DAYS,BLANK_UNKNOWN,repro,39
PREG,49 DAYS,BLANK_UNKNOWN,repro,123
PREG,50 DAYS,BLANK_UNKNOWN,repro,73
PREG,53 DAYS,BLANK_UNKNOWN,repro,2
PREG,54 DAYS,BLANK_UNKNOWN,repro,4
PREG,55 DAYS,BLANK_UNKNOWN,repro,2
PREG,59 DAYS,BLANK_UNKNOWN,repro,2
PREG,60 DAYS,BLANK_UNKNOWN,repro,176
PREG,61 DAYS,BLANK_UNKNOWN,repro,207
PREG,62 DAYS,BLANK_UNKNOWN,repro,232
PREG,63 DAYS,BLANK_UNKNOWN,repro,111
PREG,64 DAYS,BLANK_UNKNOWN,repro,144
PREG,65 DAYS,BLANK_UNKNOWN,repro,128
PREG,66 DAYS,BLANK_UNKNOWN,repro,106
PREG,67 DAYS,BLANK_UNKNOWN,repro,48
PREG,68 DAYS,BLANK_UNKNOWN,repro,17
PREG,69 DAYS,BLANK_UNKNOWN,repro,45
PREG,70 DAYS,BLANK_UNKNOWN,repro,51
PREG,71 DAYS,BLANK_UNKNOWN,repro,4
PREG,72 DAYS,BLANK_UNKNOWN,repro,12
PREG,73 DAYS,BLANK_UNKNOWN,repro,31
PREG,74 DAYS,BLANK_UNKNOWN,repro,300
PREG,75 DAYS,BLANK_UNKNOWN,repro,12
PREG,76 DAYS,BLANK_UNKNOWN,repro,79
PREG,77 DAYS,BLANK_UNKNOWN,repro,188
PREG,78 DAYS,BLANK_UNKNOWN,repro,2
PREG,79 DAYS,BLANK_UNKNOWN,repro,2
PREG,80 DAYS,BLANK_UNKNOWN,repro,39
PREG,82 DAYS,BLANK_UNKNOWN,repro,3
PREG,83 DAYS,BLANK_UNKNOWN,repro,61
PREG,85 DAYS,BLANK_UNKNOWN,repro,2
PREG,88 DAYS,BLANK_UNKNOWN,repro,4
PREG,89 DAYS,BLANK_UNKNOWN,repro,12
PREG,92 DAYS,BLANK_UNKNOWN,repro,3
PREG,94 DAYS,BLANK_UNKNOWN,repro,18
PREG,LF,BLANK_UNKNOWN,repro,1
PREV,262 DAYS,BLANK_UNKNOWN,repro,2
PREV,35 DAYS,BLANK_UNKNOWN,repro,2
PREV,81 DAYS,BLANK_UNKNOWN,repro,1
PROST,BLANK_UNKNOWN,BLANK_UNKNOWN,repro,42
PROST,LUT1,BLANK_UNKNOWN,repro,274
PROST,LUT2,BLANK_UNKNOWN,repro,224
RECK,-,BLANK_UNKNOWN,repro,28
RECK,BLANK_UNKNOWN,BLANK_UNKNOWN,repro,8
RP,MONITOR,BLANK_UNKNOWN,health,1
RP,NOTRT,BLANK_UNKNOWN,health,2
RP,NOTX,BLANK_UNKNOWN,health,1
RP,NT,BLANK_UNKNOWN,health,1
RP,PF,BLANK_UNKNOWN,health,1
RP,PL.NOTRT,BLANK_UNKNOWN,health,1
RP,PLYFLX30,BLANK_UNKNOWN,health,1
RP,STABLE,BLANK_UNKNOWN,health,1
RP,XDE.18.L,BLANK_UNKNOWN,health,1
RP,XDE.20.,BLANK_UNKNOWN,health,1
RP,XDE.20.?,BLANK_UNKNOWN,health,73
RP,XDE.20.L,BLANK_UNKNOWN,health,20
RP,XDE.20.R,BLANK_UNKNOWN,health,11
RP,XDE.21.L,BLANK_UNKNOWN,health,1
RP,XDE.22.L,BLANK_UNKNOWN,health,1
RP,XDE.24,BLANK_UNKNOWN,health,1
RP,XDE.24.R,BLANK_UNKNOWN,health,1
RP,XDE.25.B,BLANK_UNKNOWN,health,1
RP,XDE.28,BLANK_UNKNOWN,health,1
RP,XDE.28.L,BLANK_UNKNOWN,health,1
RP,XDE.LBOE,BLANK_UNKNOWN,health,2
RP,XNL.5.28,BLANK_UNKNOWN,health,1
SCKETO,PROPGL3,BLANK_UNKNOWN,unknown,84
SOLD,11,BLANK_UNKNOWN,lact_parameter,2
SOLD,2,BLANK_UNKNOWN,lact_parameter,2
SOLD,BADLEG,BLANK_UNKNOWN,lact_parameter,2
SOLD,BEEF TEA,BLANK_UNKNOWN,lact_parameter,1
SOLD,BLANK_UNKNOWN,BLANK_UNKNOWN,lact_parameter,413
SOLD,CANNULA,BLANK_UNKNOWN,lact_parameter,2
SOLD,CHRONIC,BLANK_UNKNOWN,lact_parameter,2
SOLD,DIG.O,BLANK_UNKNOWN,lact_parameter,1
SOLD,JOHNES,BLANK_UNKNOWN,lact_parameter,4
SOLD,KICKER,BLANK_UNKNOWN,lact_parameter,1
SOLD,LAME,BLANK_UNKNOWN,lact_parameter,8
SOLD,LDA,BLANK_UNKNOWN,lact_parameter,1
SOLD,MAST,BLANK_UNKNOWN,lact_parameter,2
SOLD,MAX AGE,BLANK_UNKNOWN,lact_parameter,66
SOLD,MAXAGE,BLANK_UNKNOWN,lact_parameter,4
SOLD,MEAN,BLANK_UNKNOWN,lact_parameter,1
SOLD,PNEU,BLANK_UNKNOWN,lact_parameter,2
SOLD,POOR,BLANK_UNKNOWN,lact_parameter,2
SOLD,POORDOER,BLANK_UNKNOWN,lact_parameter,4
SOLD,RESEARCH,BLANK_UNKNOWN,lact_parameter,2
SOLD,RESP,BLANK_UNKNOWN,lact_parameter,48
SOLD,SOLD,BLANK_UNKNOWN,lact_parameter,15
SOLD,SORE HIP,BLANK_UNKNOWN,lact_parameter,2
SOLD,SOREHIP,BLANK_UNKNOWN,lact_parameter,2
SOLD,STUPDITY,BLANK_UNKNOWN,lact_parameter,3
SOLD,STUPTIY,BLANK_UNKNOWN,lact_parameter,1
SOLD,UDDER,BLANK_UNKNOWN,lact_parameter,1
SOLD,USDA,BLANK_UNKNOWN,lact_parameter,7
TEAT3,BLIND LF,BLANK_UNKNOWN,management,1
TEAT3,BLIND LH,BLANK_UNKNOWN,management,2
TEAT3,BLIND RF,BLANK_UNKNOWN,management,1
TEAT3,BLIND RH,BLANK_UNKNOWN,management,1
TEAT3,BLIND.LF,BLANK_UNKNOWN,management,2
TEAT3,BLIND.LH,BLANK_UNKNOWN,management,2
TEAT3,BLIND.RF,BLANK_UNKNOWN,management,1
TEAT3,BLIND.RH,BLANK_UNKNOWN,management,2
TEAT3,DC RH,BLANK_UNKNOWN,management,1
TEAT3,DCRF,BLANK_UNKNOWN,management,1
TEAT3,IOD.LF,BLANK_UNKNOWN,management,1
TEAT3,IOD.MEL,BLANK_UNKNOWN,management,1
TEAT3,RH BLIND,BLANK_UNKNOWN,management,1
TEAT3,RH DC,BLANK_UNKNOWN,management,1
TOGROWR,BLANK_UNKNOWN,BLANK_UNKNOWN,management,98
TREATED,TDLF,BLANK_UNKNOWN,health,1
TREATED,TDY2.LF,BLANK_UNKNOWN,health,140
TREATED,TDY2.LH,BLANK_UNKNOWN,health,173
TREATED,TDY2.RF,BLANK_UNKNOWN,health,160
TREATED,TDY2.RH,BLANK_UNKNOWN,health,173
TREATED,TDY5.LF,BLANK_UNKNOWN,health,15
TREATED,TDY5.LH,BLANK_UNKNOWN,health,18
TREATED,TDY5.RF,BLANK_UNKNOWN,health,17
TREATED,TDY5.RH,BLANK_UNKNOWN,health,18
TRIAL,AGL,BLANK_UNKNOWN,unknown,13
TRIAL,AGL 3,BLANK_UNKNOWN,unknown,4
TRIAL,AGL NQTR,BLANK_UNKNOWN,unknown,1
TRIAL,AGL-RH,BLANK_UNKNOWN,unknown,1
TRIAL,AGLTRIAL,BLANK_UNKNOWN,unknown,30
TRIAL,AGLTRIL,BLANK_UNKNOWN,unknown,1
TRIAL,AGRILOG,BLANK_UNKNOWN,unknown,2
TRIAL,AGRILOGI,BLANK_UNKNOWN,unknown,37
TRIAL,BLANK_UNKNOWN,BLANK_UNKNOWN,unknown,19
TRIAL,GENVX,BLANK_UNKNOWN,unknown,4
TRIAL,GVX,BLANK_UNKNOWN,unknown,2
TRIAL,LIVBIOP,BLANK_UNKNOWN,unknown,7
TRIAL,LIVBIOPS,BLANK_UNKNOWN,unknown,2
TRIAL,LIVRBIOP,BLANK_UNKNOWN,unknown,4
TRIAL,MAMM BX,BLANK_UNKNOWN,unknown,43
TRIAL,MAMMBX,BLANK_UNKNOWN,unknown,3
TRIAL,RANGA,BLANK_UNKNOWN,unknown,12
TRIAL,UNENROLL,BLANK_UNKNOWN,unknown,2
VACC,B.GUARD,BLANK_UNKNOWN,vac,14
VACC,BGARDIAN,BLANK_UNKNOWN,vac,6
VACC,BGUARD,BLANK_UNKNOWN,vac,22
VACC,BGUARDIA,BLANK_UNKNOWN,vac,46
VACC,BLANK_UNKNOWN,BLANK_UNKNOWN,vac,6
VACC,BOVGUARD,BLANK_UNKNOWN,vac,20
VACC,PREFRESH,BLANK_UNKNOWN,vac,4
